Comments ,Label
ржЬржм ржПрж░ ржХржерж╛ ржмрж▓рзЗ ржЖржорж╛рж░ ржерзЗржХрзЗ рззрзирзжрзж ржЯрж╛ржХрж╛ ржирж┐рзЯрзЗржЫрзЗред рзлрзжрзж ржЯрж╛ржХрж╛ ржЗржиржнрзЗрж╕рзНржЯ ржПрж░ ржХржерж╛ ржмрж▓рзЗ рззрзирзжрзж ржЯрж╛ржХрж╛ ржирж┐рж▓рзЛ ржкрзНрж░рждрж╛рж░ржХред,Fraud
ржмрзГрждрзНрждрж┐рж░ ржХржерж╛ ржмрж▓рзЗ ржЖржорж╛рж░ ржерзЗржХрзЗ ржЖржЬржХрзЗ рзйрзлрзжрзжрзж рж╣рж╛ржЬрж╛рж░ ржЯрж╛ржХрж╛ ржирж┐рзЯрзЗ ржЧрзЗржЫрзЗ ржЖрж▓рзНрж▓рж╛рж╣ ржпрж╛ржжрзЗрж░ ржХрзНрж╖ржорж╛ ржирж╛ ржХрж░рзБржХред,Fraud
ржнрж╛ржЗ ржЖржорж╛рж░ ржкрж░рж┐ржЪрж┐рждрзЛ ржПржХ ржЬржи ржорж╣рж┐рж▓рж╛ ржмрж┐ржХрж╛рж╢ ржнрзЗрж░рж┐ржлрж╛ржЗ ржХрзЛржЯ ржЯрж┐ ржмрж▓рж╛рж░ ржкрж░ ржЯрж╛ржХрж╛ ржирж┐рзЯрзЗ ржЧрзЗржЫрзЗ ржорж╣рж┐рж▓рж╛ржЯрж┐ рж╕рж╣ржЬ рж╕рж░рж▓ рждрзЛ рждрж╛ржЗ ржмрж▓рзЗ ржжрж┐ржЫрзЗ ржПржЦржи ржХрж┐ ржХрж░ржирж┐ржУ,Fraud
ржХрж┐ржЫрзБ ржжрзЛрж╖ ржЪржХрзНрж░ ржХрж╛рж░рзАрж░рж╛ ржХрзЛржб ржирж┐ржпрж╝рзЗ ржмрж┐ржХрж╛рж╢ рж╣рзНржпрж╛ржХ ржХрж░рзЗ ржирж┐ржпрж╝рзЗ ржЧрзЗржЫрзЗ ржПржЦржи ржмрж┐ржХрж╛рж╢ ржЕржлрж┐рж╕рзЗ ржлрзЛржи ржжрзЗржУржпрж╝рж╛рж░ ржкрж░рзЗ ржмрж▓ржЫрзЗ ржпрзЗ ржПржЯрж╛рж░ ржмрж┐рж░рзБржжрзНржзрзЗ ржЕржнрж┐ржпрзЛржЧ ржХрж░ржЫрзЗ ржпржжрж┐ ржЯрж╛ржХрж╛ ржкрж╛ржпрж╝ ржПрж╕ржПржоржПрж╕рзЗрж░ ржорж╛ржзрзНржпржорзЗ ржЬрж╛ржирж┐ржпрж╝рзЗ ржжрзЗржУржпрж╝рж╛ рж╣ржмрзЗ ржЖрж░ ржирж╛ ржкрзЗрж▓рзЗржУ ржЯрж╛ржХрж╛ржпрж╝ ржПрж╕ржПржоржПрж╕ ржПрж░ ржорж╛ржзрзНржпржорзЗ ржЬрж╛ржирж┐ржпрж╝рзЗ ржжрзЗржпрж╝рж╛ рж╣ржмрзЗ ржПржЦржи ржХрж┐ ржЯрж╛ржХрж╛ ржкрж╛ржУржпрж╝рж╛ ржпрж╛ржмрзЗ,Fraud
"ржнрж╛ржЗрзЯрж╛ ржЖржЬржХрзЗ ржЖржорж╛рж░ ржмрзЛржи ржерзЗржХрзЗ рзк рж╣рж╛ржЬрж╛рж░ ржЯрж╛ржХрж╛ ржирж┐рзЯрзЗ ржЧрзЗржЫрзЗред ржУржирж┐ ржирж╛ ржмрзБржЭрзЗ ржкрж╛рж╕ржУрзЯрж╛рж░рзНржб ржЪрж╛ржЗржЫрзЗ ржжрж┐рзЯрзЗ ржжрж┐ржЫрзЗ, ржкрж┐ржиржУ ржжрж┐рзЯрзЗ ржжрж┐ржЫрзЗред ржПржЦржи ржкрж┐ржи ржЪрзЗржЮрзНржЬ ржХрж░рзЗ ржлрзЗрж▓ржЫрж┐ред ржПржЦржи ржХрж┐ ржХрзЛржирзЛ рж╕ржорж╕рзНржпрж╛ рж╣ржмрзЗ? рждрж╛рж░рж╛ ржХрж┐ ржкрж╛рж╕ржУрзЯрж╛рж░рзНржб ржПрж░ ржорж╛ржзрзНржпржорзЗ ржЖрж░ ржЯрж╛ржХрж╛ ржирж┐рждрзЗ ржкрж╛рж░ржмрзЗ ?",Fraud
ржЖржорж╛рж░ ржерзЗржХрзЗ рззрзлрж╣рж╛ржЬрж╛рж░ ржЯрж╛ржХрж╛ ржирж┐рзЯрзЗржЫрзЗ ржЖржорж┐ ржП ржмрж┐рж╖рзЯ ржЧрзБрж▓рзЛ ржЬрж╛ржирждрж╛ржо ржирж╛ рждрж╛ржЗ ржмрзБржЭрждрзЗ ржкрж╛рж░рж┐ржирж┐редржХрж┐ржЫрзБржЗ ржХрж░рждрзЗ ржкрж╛рж░рж▓рж╛ржо ржирж╛ ржЖржорж┐ ржУржжрзЗрж░ ржмрж┐рж░рзБржжрзНржзрзЗ,Partial Fraud
"ржЖржорж╛рж░ ржлрзНрж░рзЗржирзНржб ржПржХржЯрж╛ржХрзЗ ржПрж░ржХржо ржХрж▓ ржжрж┐рзЯрзЗржЫрж┐рж▓рзЛ,рждрж╛рж░ржкрж░ ржУ ржЖржорж╛рж░ ржХрж╛ржЫрзЗ ржПржирзЗ ржжрж┐ржЫрзЗ,рждрж╛рж░ржкрж░ ржЖржорж┐ ржХрждрж╛ ржмрж▓рж▓рж╛ржо,ржУ ржЖржорж╛ржХрзЗ ржмрж▓рзЗ ржорзЛржмрж╛ржЗрж▓рзЗ ржПржХржЯрж╛ ржорзЗрж╕рзЗржЬ ржжрж┐ржЫрзЗ ржПржЯрж╛рж░ ржХрзЛржб ржЕржХрзЗ ржжрж┐ржмрзЛ,рждрж╛рж░ржкрж░ ржмрж▓рзЗ ржХрзЛржб ржирж╛ ржжрж┐рж▓рзЗ ржПржХрж╛ржЙржирзНржЯ ржмржирзНржз ржХрж░рзЗ ржжрж┐ржмрзЗ,рждрж╛рж░ржкрж░ ржУржХрзЗ ржЖржорж┐ ржЧрж╛рж▓ржЧрж╛рж▓рж┐ ржХрж░рзЗ ржлрзЛржи ржХрж░рзЗ ржжрзЗржЗ,рждрж╛рж░ржкрж░ ржПржХрж╛ржЙржирзНржЯ ржмржирзНржз ржХрж░рзЗ ржжрж┐рзЯрзЗржЫрзЗ,рждрж╛рж░ржкрж░ ржЖржорж┐ ржЕржлрж┐рж╕ ржерзЗржХрзЗ ржПржЯрж╛ ржнрзЛржЯрж╛рж░ ржХрж╛рж░рзНржб ржирж┐рзЯрзЗ рж╕ржорж╕рзНржпрж╛ рж╕ржорж╛ржзрж╛ржи ржХрж░рзЗ ржжрзЗржЗредред",Partial Fraud
"ржЖржорж╛рж░ ржорзЛржмрж╛ржЗрж▓рзЗ ржПрж░ржХржо ржлрзЛржи ржЖрж╕ржЫрж┐рж▓рзЛред ржЖржорж┐ ржмрзБржЭрждрзЗ ржкрж╛рж░рж┐ ржирж╛ржЗ ржЖржорж╛ржХрзЗ ржмрж▓ржЫрзЗ ржЖржорж╛рж░ ржПржХрж╛ржЙржирзНржЯ ржмржирзНржз рж╣рзЯрзЗ ржпрж╛ржмрзЗ?рждрж╛рж░ржкрж░ ржЖржорж┐ ржмрж▓рж┐ ржХрж╛рж░рзНржпржХрж░ ржХрж░рзЗ ржжрзЗржУрзЯрж╛рж░ ржЬржирзНржп?рждрж╛рж░ржкрж░ ржЙржирж┐ ржЖржорж╛рж░ ржорзЛржмрж╛ржЗрж▓рзЗ ржорзЗрж╕рзЗржЬ ржкрж╛ржЯрж╛ржи ржПржмржВ ржмрж▓рзЗржи ржХрзЛржбржЧрзБрж▓рзЛ ржмрж▓рж╛рж░ ржЬржирзНржп, ржЖржорж┐ ржмрж▓рзЗржЫрж┐ ржПржмржВ ржЯрж╛ржХрж╛ ржирж┐рзЯрзЗ ржЧрзЗржЫрзЗред ",Fraud
ржмрж┐ржХрж╛рж╢ ржерзЗржХрзЗ рж╕рж┐ржЯрж┐ ржмрзНржпрж╛ржВржХржХрзЗ ржЯрж╛ржХрж╛ ржЯрж╛ржирзНрж╕ржлрж╛рж░ ржХрж░рзЗржЫрж┐ ржЯрж╛ржХрж╛ ржХрзЗржЯрзЗ ржирж┐ржЫрзЗ ржХрж┐ржирзНрждрзБ ржЖржорж╛рж░ ржмрзНржпрж╛ржВржХ ржПржХрж╛ржЙржирзНржЯ ржП ржЯрж╛ржХрж╛ ржЬржорж╛ рж╣рзЯ ржирж╛ржЗ,Fraud
ржЖржорж╛рж░ рж╕рзНржмрж╛ржорзАрж░ ржмрж┐ржХрж╛рж╢ ржПржХрж╛ржЙржирзНржЯ ржерзЗржХрзЗ ржкрзНрж░рждрж╛рж░ржХрж░рж╛ ржнрзЗрж░рж┐ржлрж┐ржХрзЗрж╢ржи ржиржорзНржмрж░ржЯрж╛ ржирж┐рзЯрзЗ ржЧрзЗржЫрзЗ ,Fraud 
ржЖржорж╛рж░ ржмрж┐ржХрж╛рж╢ ржПржХрж╛ржЙржирзНржЯ  ржерзЗржХрзЗ ржЯрж╛ржХрж╛ ржХрзЗржЯрзЗ ржирж┐ржЪрзНржЫрзЗ ржХрж┐ржирзНрждрзБ ржХрзЗржи ржирж┐ржЪрзНржЫрзЗ ржЖржорж┐ ржЬрж╛ржирж┐ ржирж╛ ,Partial fraud
ржкрзНрж░рждрж┐ рж╕ржкрзНрждрж╛рж╣рзЗ ржЖржорж╛рж░ ржмрж┐ржХрж╛рж╢ ржПржХрж╛ржЙржирзНржЯ ржерзЗржХрзЗ рззрзл ржЯрж╛ржХрж╛ ржХрж░рзЗ ржХрзЗржЯрзЗ ржирзЗржУржпрж╝рж╛ рж╣ржЪрзНржЫрзЗ,Partial fraud
"рж░рж┐ржЪрж╛рж░рзНржЬ ржХрж░рж▓рзЗ,ржЯрж╛ржХрж╛рж░ржУ ржЦржмрж░ ржирж╛ржЗ,ржПржоржмрж┐рж░ ржУ ржЦржмрж░ ржирж╛ржЗредрзй рждрж╛рж░рж┐ржЦрзЗрж░ ржЯрж╛ржХрж╛ ржЖржЬржХрзЗ рзирзз рждрж╛рж░рж┐ржЦ ржПржЦржирзЛ ржкрж╛ржЗ ржирж╛ржЗ",Partial fraud
"ржПржЯрж╛ ржкрзНрж░ржержо ржирж╛ ржЖржорж┐ ржмрж┐ржХрж╛рж╢ ржПржЬрзЗржирзНржЯ ржкрзНрж░рждрж╛рж░рж┐ржд рж╣рзЯрзЗржЫрж┐ 2018 рж╕рж╛рж▓рзЗ  рждрж┐ржи ржЯрж╛ржХрж╛ ржХржо рзкрзж,рзжрзжрзж/= ржирж┐рзЯрзЗржЫрзЗ ржПржЗ ржЪржХрзНрж░  ржЖржкржирж╛ржжрзЗрж░ ржХрж╛ржЫрзЗ ржкрзНрж░ржержо рж╣рждрзЗ ржкрж╛рж░рзЗ ржЖржорж╛ржжрзЗрж░ ржХрж╛ржЫрзЗ ржЕржирзЗржХ ржкрзБрж░рж╛ржирзЛ",Partial Fraud
ржЖржорж┐ ржмрж┐ржХрж╛рж╢ ржПржХрж╛ржЙржирзНржЯ ржПржЬрзЗржирзНржЯ ржжрзНржмрж╛рж░рж╛ ржкрзНрж░рждрж╛рж░рж┐ржд рж╣ржпрж╝рзЗржЫрж┐ 2018 рж╕рж╛рж▓рзЗ рждрж┐ржи ржЯрж╛ржХрж╛ ржХржо 40000 ржЯрж╛ржХрж╛ ржирж┐ржпрж╝рзЗ ржпрж╛ржпрж╝,Partial Fraud
ржЖржЬржХрзЗ рззрзмрзорзп ржЯрж╛ржХрж╛ ржЧрзЗрж▓ ржЖржорж╛рж░ред ржХрж┐ ржХрж░ржмрзЛ ржЖржорж┐ред ржЖрж▓рзНрж▓рж╛рж╣ ржПржЗ рж╢рзЯрждрж╛ржи ржЬрж╛ржирзЛрзЯрж╛рж░ ржжрзЗрж░ ржзржВрж╕ ржХрж░рзЛред,Fraud
ржЖржорж┐ ржмрж┐ржХрж╛рж╢рзЗ 24000 ржЯрж╛ржХрж╛ ржкрзНрж░рждрж╛рж░рж┐ржд рж╣ржпрж╝рзЗржЫрж┐ ржХрж┐ржирзНрждрзБ ржЬрзЗржирзЗ ржЖржорж╛рж░ржУ ржкрзНрж░рждрж╛рж░рж┐ржд рж╣ржпрж╝рзЗржЫрж┐ ржУржЗ ржирж╛ржорзНржмрж╛рж░рзЗ ржлрзЛржи ржжрзЗржУржпрж╝рж╛рж░ ржлрж▓рзЗ ржмрж▓ржЫрзЗ ржпрзЗ ржЯрж╛ржХрж╛ ржирж╛ржХрж┐ ржЙржарж┐ржпрж╝рзЗ ржирж┐ржпрж╝рзЗ ржЧрзЗржЫрзЗ ржжрзБржЬржи рж▓рзЛржХ ржПржЦржи ржХрж┐ ржХрж░ржмрзЛ,Fraud
ржЖржорж╛рж░ ржЖржмрзНржмрзБрж░ ржмрж┐ржХрж╛рж╢ ржерзЗржХрзЗ ржЧрждржХрж╛рж▓ рж░рж╛рждрзЗ 4000 рж╣рж╛ржЬрж╛рж░ ржПржХрж╢ржд 60 ржЯрж╛ржХрж╛ ржирж┐рзЯрзЗржЫрзЗ,Fraud
"ржнрж╛ржЗ ржЖржорж╛ржХрзЗ ржПржХ ржкрзНрж░рждрж╛рж░ржХ ржлрзЛржи ржжрж┐рзЯрзЗ ржмрж▓рзЗ рждрж╛ржХрзЗ рзлрзжрзжрзж ржЯрж╛ржХрж╛ ржирж╛ ржжрж┐рж▓рзЗ рж╕рзЗ ржЖржорж╛рж░ ржПржХрж╛ржЙржирзНржЯ рж▓ржХ ржХрж░рзЗ рж░рж╛ржЦржмрзЗ ржПржЦржи рждрж╛ржХрзЗ ржЖржорж┐ ржЯрж╛ржХрж╛ ржжрзЗржЗржирж┐ ржЖржорж╛рж░ ржПржХрж╛ржЙржирзНржЯ ржмржирзНржз рж╣рзЯрзЗ ржЧрзЗржЫрзЗ, ржЖржорж╛рж░ ржПржХрж╛ржЙржирзНржЯрзЗ ржкрзНрж░рж╛рзЯ рзирзорзжрзжрзж ржЯрж╛ржХрж╛ ржЖржЫрзЗ",Partial Fraud
ржЖржорж╛рж░ ржЕрзНржпрж╛ржХрж╛ржЙржирзНржЯ ржерзЗржХрзЗ ржкрж╛ржБржЪ рж╣рж╛ржЬрж╛рж░ ржЯрж╛ржХрж╛ ржирж┐ржпрж╝рзЗ ржЧрзЗржЫрзЗ ржПржХржЯрж╛ ржирж╛ржорзНржмрж╛рж░ ржерзЗржХрзЗ ржлрзЛржи ржжрж┐ржЫрж┐рж▓ ржЖржорж┐ржУ ржмрзБржЭрждрзЗ ржкрж╛рж░рж┐ ржирж╛ржЗ ржпрж╛ ржпрж╛ ржмрж▓ржЫрзЗ ржХрж░ржЫрж┐ ржирж┐ржЬрзЗрж░ ржнрзБрж▓рзЗ рж╕ржм ржЧрзЗрж▓ ржЯрж╛ржХрж╛ржЯрж╛ ржЦрзБржм ржкрзНрж░ржпрж╝рзЛржЬржи ржЫрж┐рж▓,Fraud
ржЖржЬ ржЖржорж╛рж░ ржПржХрж╛ржЙржирзНржЯ ржмрзНрж▓ржХ рж╣рзЯрзЗ ржЧрзЗржЫрзЗред рждрж╛рж░ржкрж░ ржПржХржЯрж╛ ржиржорзНржмрж░ ржжрж┐ржЫрзЗ ржмрж▓ржЫрзЗ ржпрзЗ ржЖржкржирж╛рж░ ржкрж┐ржи ржЖрж░ ржУржЗ ржирж╛ржорзНржмрж░ ржпрзЛржЧ ржХрж░рзЗ ржпрж╛ рж╣ржмрзЗ ржЖржорж╛ржХрзЗ ржмрж▓рзЗржиред рждрж╛рж░ржкрж░ ржмрж▓ржЫрзЗред ржПржЬрзЗржирзНржЯ ржПрж░ ржШрж░ рззрзорзлрзжрзж ржЯрж╛ржХрж╛ ржЖржорж╛рж░ ржПржХрж╛ржЙржирзНржЯ ржП ржЖржирждрзЗредржПржЬрзЗржирзНржЯ ржкрж┐ржи ржжрж┐ржмрзЗ ржЯрж╛ржХрж╛ ржЖрж╕ржмрзЗ ржирж╛ ржПржХрж╛ржЙржирзНржЯ ржЯрж┐ржХ рж╣рзЯрзЗ ржпрж╛ржмрзЗредржУрж░ ржХржерж╛ ржоржд ржХрж╛ржЬ ржХрж░ржЫрж┐редрждрж╛рж░ржкрж░ ржУ ржЖржорж╛рж░ ржЯрж╛ржХрж╛ ржЯрж╛ ржирж┐рзЯрзЗ ржЧрзЗржЫрзЗред,Fraud
ржЖржорж┐ ржПржХржЬржи рж╕рзНржЯрзБржбрзЗржирзНржб.ржПржХржЯрзБ ржЖржЧрзЗ ржЖржорж╛рж░ рзйрзжрзжрзж ржирж┐рзЯрзЗ ржЧрзЗржЫрзЗ.ржЖржорж╛рж░ ржкрж┐ржи ржмрж╛ ржХрзЛржи ржУржЯрж┐ржкрж┐ ржХрзЗржЙ ржирзЗрзЯ ржирж┐.,Partial Fraud
ржЖржорж╛рж░ ржХрзЛржбржЯрж┐ ржПржмржВ ржкрж┐ржи ржирж┐рзЯрзЗржЫрзЗржи ржПржЦржи ржЖржорж╛рж░ ржмрж┐ржХрж╛рж╢рзЗ ржЯрж╛ржХрж╛ ржирж╛ржЗрз╖ ржЖрж░ ржЖржорж┐ ржмрж┐ржХрж╛рж╢ ржкрж┐ржи ржкрж░рж┐ржмрж░рзНрждржи ржХрж░ржЫрж┐,Fraud
ржЖржорж╛ржХрзЗ ржПржЗ ржкрж░рзНржпржирзНржд 100 ржмрж╛рж░ ржлрзЛржи ржжрж┐ржпрж╝рзЗржЫрзЗ ржПржЗ ржкрзНрж░рждрж╛рж░ржХ ржЪржХрзНрж░ ржХрж┐ржирзНрждрзБ рж╕рж╣ржЬ ржХрзЛржи ржорж╛ржзрзНржпржорзЗ ржЬрж╛ржирж╛ржирзЛрж░ ржмрзНржпржмрж╕рзНржерж╛ ржирж╛ ржерж╛ржХрж╛ржпрж╝ ржЖржорж┐ ржХрж╛ржЙржХрзЗ ржЬрж╛ржирж╛рждрзЗ ржкрж╛рж░рж┐ржирж┐,Partial Fraud
ржнрж╛ржЗ ржЖржорж╛рж░ рзнрж╣рж╛ржЬрж╛рж░ржЯрж╛ржХрж╛ ржорзЗрж░рзЗ ржжрж┐рзЯрзЗржЫрзЗ,Fraud
рж╕рзЗржо ржЖржорж╛рж░ ржерзЗржХрзЗ рзйрзж рж╕рзЗржХрзЗржирзНржб ржПрж░ ржоржзрзНржпрзЗ ржкрж┐ржи ржХрзМрж╢рж▓рзЗ ржирж┐рзЯрзЗ ржирж┐рзЯрзЗржЫрзЗ,Fraud
ржЖржорж╛рж░ рж╕рж╛ржерзЗ ржЖржЬ ржкрзНрж░рждрж╛рж░ржгрж╛ рж╣рзЯрзЗржЫрзЗ ржЖржорж╛рж░ рззрзкрзжрзмрзл ржЯрж╛ржХрж╛ ржирж┐рзЯрзЗржЫрзЗ,Fraud
"ржнрж╛ржЗрзЯрж╛ ржЖржорж╛рж░ 6000ржЯрж╛ржХрж╛ рж╣рзЗржХ ржХрж░рзЗржЫрзЗ ржХрж╛рж▓,,,,,ржлржи ржирж╛ржорзНржмрж╛рж░ ржмрзНрж▓ржХ ржХрж░рзЗ ржжрж┐ржЪрзЗ",Fraud
ржЖржорж╛рж░ 18180 ржЯрж╛ржХрж╛ ржирж┐ржпрж╝рзЗржЫрзЗ ржХрж╛рж▓,Fraud
ржЖржорж╛ржХрзЗ ржПрж░ржХржо ржХрж░рзЗ 2000ржЯрж╛ржХрж╛ ржирж┐ржпрж╝рзЗ ржЧрзЗржЫрзЗ,Fraud
ржЖржорж╛рж░ рзмрзлрзжрзж ржЯрж╛ржХрж╛ ржирж┐рзЯрзЗ ржЧрзЗржЫрзЗ,Fraud
"ржнрж╛ржЗ рзп ржЕржХрзНржЯрзЛржмрж░ рзирзжрзирзз,ржЖржорж╛рж░ ржмрж┐ржХрж╛рж╢ ржерзЗржХрзЗ рззрзирзжрзж ржЯрж╛ржХрж╛ рж╣рзНржпрж╛ржХ ржХрж░рзЗ ржирж┐рзЯрзЗ ржЧрзЗржЫрзЗред ржПржЦржи ржЖржорж┐ ржХрж┐ ржХрж░ржмрзЛред",Fraud
ржЖржЬржХрзЗ ржЖржорж╛рж░ ржорж╛рж░ ржлрзЛржи ржерзЗржХрзЗ рззрзлрзжрзжрзж ржЯрж╛ржХрж╛ ржирж┐рзЯрзЗ ржЧрзЗржЫрзЗ,      Fruad
ржЖржорж╛рж░ рзп рж╣рж╛ржЬрж╛рж░ ржЯрж╛ржХрж╛ ржирж┐рзЯрзЗ ржЧрзЗржЫрзЗ,Partial Fruad
ржПржЗ ржмрж┐ржХрж╛рж╢ ржЖржорж╛рж░ ржмрзЬ ржнрж╛ржЗ ржПрж░ ржПржХрж╛ржУржирзНржЯ ржерзЗржХрзЗ рзлрзжрж╣рж╛ржЬрж╛рж░ ржЯрж╛ржХрж╛ ржирж┐рзЯрзЗ ржЧрзЗржЫрзЗред ржПрж░ ржмрж┐ржЪрж╛рж░ ржЪрж╛ржЗ,Partial Fraud
ржЖржорж╛рж░ рзлрзпрзжрзжржЯрж╛ржХрж╛ ржжрзЗрзЯржирж╛ ржПржХ ржжрзЛржХрж╛ржиржжрж╛рж░редржорзЗрж░рзЗ ржмрж╛ржЧрж┐рзЯрзЗ ржжрж┐ржЪрзЗ ржЖржорж╛ржХрзЗред, Fraud
ржЖржорж╛рж░ ржирж┐ржЫрзЗ рзирзжрзжрзжрзж ржЯрж╛ржХрж╛,Fraud
ржЖржорж╛рж░ рзирзлрж╣рж╛ржЬрж╛рж░ ржЯрж╛ржХрж╛ ржорзЗрж░рзЗ ржжрж┐ржЫрзЗред,Fraud
ржЖржорж╛рж░ ржнрж╛ржмрзАрж░ рззрзж рж╣рж╛ржЬрж╛рж░ ржЯрж╛ржХрж╛ ржорзЗрж░рзЗ ржжрж┐рзЯрзЗржЫрзЗ ржЖржЬржХрзЗ  ,Fraud
ржЖржорж┐ ржУ ржнрзБржХрзНрждржнрзБржЧрзА 25000 taka,Partial  Fraud
рзз/рзп/рзирзжрзирзжржЗржВ рж╕ржорзЯ рззрзж:рзйрзж ржЯрж╛ ржЖржорж╛рж░ ржмрж┐ржХрж╛рж╢ ржерзЗржХрзЗ рззрзирззрзпрзоржЯрж╛ржХрж╛ ржирж┐рзЯрзЗ ржЧрзЗржЫрзЗ ржЖржорж┐ ржЖржорж╛рж░ ржмрж┐ржХрж╛рж╢рзЗ ржЯрж╛ржХрж╛ рж░рзЗржЦрзЗржЫрж┐рж▓рж╛ржо ржЧрзБрж▓рж╢рж╛ржирзз ржирж╛ржнрж╛ржирж╛ ржЯрж╛ржУрзЯрж╛рж░рзЗ ржирж┐ржЫрзЗ ржмрж╛ржЗрж░ рж╕рж╛ржЗржбрзЗ ржПржХржорзБрж░ржмрж┐рж░ ржмрж┐ржХрж╛рж╢рзЗрж░ ржжрзЛржХрж╛ржирзЗ ржЯрж╛ржХрж╛ ржмрж┐ржХрж╛рж╢рзЗ рж▓рзЛржб ржХрж░ржЫрж┐рж▓рж╛ржо рж╕рзЗржЗ ржжрж┐ржи рждрж╛рж░рж┐ржЦ рзйрзз/рзп/рзирзжрзирзж,Partial Farud
"ржЖржорж╛рж░ ржорж╛ржорж╛ржд ржнрж╛ржЗрзЯрзЗрж░ ржХрж╛ржЫ ржерзЗржХ ржжрзБржЗ рж╕рж╛ржкрзНржерж╛ ржЖржЧрзЗ рзорзл рж╣рж╛ржЬрж╛рж░ ржЯрж╛ржХрж╛ ржирж┐рзЯрзЗ ржЧрж┐рзЯрзЗржЫрзЗ,",Fraud
"ржЖржорж╛рж░ рзирзлрзлрзлрзж ржЯрж╛ржХрж╛ ржЦрзЗрзЯрзЗржЫрзЗ,",Partial  Fraud
ржЖржорж╛рж░ рзлрзлрзжрзж ржЯрж╛ржХрж╛ ржорзЗрж░рзЗ ржжрж┐рзЯрзЗржЫрзЗред,Fraud
ржЖржорж╛рж░ ржерзЗржХрзЗ рзйрзж рж╣рж╛ржЬрж╛рж░ ржЯрж╛ржХрж╛ ржирж┐рзЯрзЗ ржЧрзЗржЫрзЗред,Partial Fraud
ржЖржЬржХрзЗ ржЖржорж╛рж░ рж╕рж╛ржерзЗ ржкрзНрж░рждрж╛рж░ржгрж╛ ржХрж░рзЗ рззрзлрзжрзжрзж ржЯрж╛ржХрж╛ ржирж┐ржЫрзЗ ржЧрж╛ ржПржЦржи ржХрж┐ ржХрж░рж╛ ржпрж╛ржЗ ржнрж╛ржЗред,Fraud
ржнрж╛ржЗ ржЖржорж╛рж░ ржХрж╛ржЫ ржерзЗржХрзЗржУ рзирзлрзлрзжрзжржЯрж╛ржХрж╛ ржирж┐рзЯрзЗ ржЧрзЗржЫрзЗред,Partial  Fraud
ржЖржЬржХрзЗ рж╕рж╛ржд рж╣рж╛ржЬрж╛рж░ ржирж┐рзЯрзЗ ржЧрзЗрж▓ ржЖржорж╛рж░ ржерзЗржХрзЗред,Partial  Fraud
ржЖржорж╛рж░ ржХрж╛ржЫ ржерзЗржХрзЗ ржПржЗ ржорж╛рж╕рзЗ ржмрж╛рж░ рж╣рж╛ржЬрж╛рж░ ржЯрж╛ржХрж╛ ржирж┐рзЯрзЗ ржЧрзЗржЫрзЗред,Partial Fraud
ржЖржорж╛рж░ рзк рж╣рж╛ржЬрж╛рж░ ржЯрж╛ржХрж╛ ржирж┐рзЯрзЗржЫрзЗред,Fraud
ржЖржЬржХрзЗ ржЖржорж╛рж░ ржЫрзЛржЯ ржнрж╛ржЗрзЯрзЗрж░ ржерзЗржХрзЗ рззрзл рж╣рж╛ржЬрж╛рж░ ржЯрж╛ржХрж╛ ржирж┐рзЯрзЗ ржЧрзЗржЫрзЗред ржЖржорж┐ ржХрж┐,Partial Fraud
ржПржЯрж╛рж░ ржЬржирзНржп ржХрзЛржирзЛ ржкржжржХрзНрж╖рзЗржк ржирж┐рждрзЗ ржкрж╛рж░ржмрзЛ?,Partial Fraud
ржЖржЬржХрзЗ ржЖржорж╛рж░ ржерзЗржХрзЗ рззрзлрзпрзжрзж ржЯрж╛ржХрж╛ ржирж┐рзЯрзЗ ржЧрзЗржЫрзЗ ржЖржорж╛ржХрзЗ ржмрж▓ржж ржмрж╛ржирж┐рзЯрзЗред,Fraud
"ржЖржЬржХрзЗ рзирзж рж╣рж╛ржЬрж╛рж░ ржЯрж╛ржХрж╛ ржирж┐рзЯрзЗ ржЧрзЗржЫрзЗ, рж░рж╛ржЬржмрж╛рзЬрзА ржерзЗржХрзЗред",Partial Fraud
"ржЖржорж╛рж░ ржерзЗржХрзЗржУ ржирж┐рзЯрзЗ ржЧрзЗржЫрзЗ рзкрзирзирзи ржЯрж╛ржХрж╛,рззрзн ржЬрзБрж▓рж╛ржЗ рзирзжрзирзз",Partial Farud
ржЖржорж╛рж░ ржХрж╛ржЫ ржерзЗржХрзЗ рзирзн рж╣рж╛ржЬрж╛рж░ рзлрзжрзж ржЯрж╛ржХрж╛ ржирж┐ржпрж╝рзЗ ржЧрзЗржЫрзЗ ржкрзНрж░рждрж╛рж░ржХред,Fraud
ржЖржорж╛рж░ ржерзЗржХрзЗ рззрзлрзжрзжрзж ржЯрж╛ржХрж╛ ржирж┐рзЯрзЗ ржЧрзЗржЫрзЗ ржкрзНрж░рждрж╛рж░ржХред,Fraud
ржЖржЬржХрзЗ рззрзмрзорзп ржЯрж╛ржХрж╛ ржЧрзЗрж▓ ржЖржорж╛рж░ред ржХрж┐ ржХрж░ржмрзЛ ржЖржорж┐ред ржЖрж▓рзНрж▓рж╛рж╣ ржПржЗ рж╢рзЯрждрж╛ржи ржЬрж╛ржирзЛрзЯрж╛рж░ ржжрзЗрж░ ржзржВрж╕ ржХрж░рзЛред,Partial Fraud
"ржЖржорж╛рж░ рзирзл,рзлрзжрзж/- ржЖрж▓рзНрж▓рж╛рж╣ рждрзБржорж┐ржЗ рж╕ржмржЪрзЗрзЯрзЗ ржмрзЬ ржкрж░рж┐ржХрж▓рзНржкржирж╛ржХрж╛рж░рзАред ржПржЗ рж░ржХржо ржЬрж╛ржирзЛрзЯрж╛рж░ржжрзЗрж░ рждрзБржорж┐ ржзрзНржмржВрж╕ ржХрж░рзЛред",Partial Fraud
"ржнрж╛ржЗрзЯрж╛ ржЖржорж╛ржжрзЗрж░ ржлрзЛржи ржерзЗржХрзЗ ржХрзЗржЙ ржПржХржЬржи рзнрзлрзжрзжрзж рж╣рж╛ржЬрж╛рж░ ржЯрж╛ржХрж╛ ржирж┐рзЯрзЗ ржирж┐рзЯрзЗржЫрзЗ, рж╕рзЗ ржЖржорж╛ржжрзЗрж░ ржирж╛ржорзНржмрж╛рж░рзЗ ржлрзЛржи ржжрж┐рзЯрзЗ  ржЯрж╛ржХрж╛ ржжрзЗржУрзЯрж╛рж░ ржХржерж╛ ржмрж▓рзЗ ржкрж┐ржи ржУ ржмрж┐ржХрж╛рж╢ ржирж╛ржорзНржмрж╛рж░ ржирж┐рзЯрзЗржЫрзЗ ржПржЦржи ржХрзА ржХрж░ржм ржкрзНрж▓рж┐ржЬ ржмрж▓рзЗржи ржнрж╛ржЗрзЯрж╛ред",Fraud
ржнрж╛ржЗ ржЖржорж┐ ржПржЬрзЗржирзНржЯрзЗрж░ ржжрж┐рзЯрзЗ ржкрж╛ржарж┐рзЯрзЗржЫрж┐рж▓рж╛ржо ред ржПржЦржи рждрж╛рж░ ржлрзЛржи ржмржирзНржз ред ржХрж┐ржнрж╛ржмрзЗ ржЯрж╛ржХрж╛ ржкрж╛ржмрзЛ?? рззрзн ржЯрж╛ржХрж╛,Partial  Fraud
"ржЖржорж┐ ржмрж┐ржХрж╛рж╢рзЗ рзирзкрзжрзжрзж ржЯрж╛ржХрж╛ ржкрзНрж░рждрж╛рж░рж┐ржд рж╣ржпрж╝рзЗржЫрж┐, ржХрж┐ржирзНрждрзБ ржЬрзЗржирзЗ ржЖржмрж╛рж░ржУ ржкрзНрж░рждрж╛рж░рж┐ржд рж╣ржпрж╝рзЗржЫрж┐ред ржУржЗ ржирж╛ржорзНржмрж╛рж░рзЗ ржлрзЛржи ржжрзЗржУржпрж╝рж╛рж░ ржкрж░рзЗ  ржмрж▓ржЫрзЗ ржпрзЗ ржЯрж╛ржХрж╛ ржирж╛ржХрж┐ ржЙржарж┐ржпрж╝рзЗ ржирж┐ржпрж╝рзЗ ржЧрзЗржЫрзЗ ржжрзБржЬржи рж▓рзЛржХред ржПржЦржи ржХрж┐ ржХрж░ржмрзЛ?",Fraud
ржнрж╛ржЗрзЯрж╛ ржЖржорж╛рж░ ржЖржмрзНржмрзБрж░ ржмрж┐ржХрж╛рж╢ ржерзЗржХрзЗ ржЧрждржХрж╛рж▓ рж░рж╛рждрзЗ рзкрзжрзжрзж рж╣рж╛ржЬрж╛рж░ ржПржХрж╢ржд рзмрзж ржЯрж╛ржХрж╛ ржирж┐рзЯрзЗржЫрзЗ ржХрж┐ ржХрж░ржмрзЛ ржПржЦржи?,Partial Fraud
ржЖржорж╛рж░ ржХрж╛ржЫ ржерзЗржХрзЗ ржЧржд рзирзк рждрж╛рж░рж┐ржЦрзЗ рзмрзжрзж ржЯрж╛ржХрж╛ ржирж┐ржпрж╝рзЗржЫрзЗ ржХрж┐ржирзНрждрзБ рждрж╛ржжрзЗрж░ ржирж╛ржорзНржмрж╛рж░рзЗ ржлрзЛржи ржжрж┐ржпрж╝рзЗ ржХрзЛржи ржЙржкрж╛ржпрж╝ ржирзЗржЗред ржпрзЗ ржЯрж╛ржХрж╛ржЯрж╛ ржлрзЗрж░ржд ржжрзЗржмрзЗ рждрж╛ржХрзЗ ржЖржорж┐ ржлрж┐ржлржЯрж┐ ржкрж╛рж░рзНрж╕рзЗржирзНржЯ ржжрзЗржмрзЛред,Partial Fraud
ржЖржорж╛рж░ ржмрж┐ржХрж╛рж╢ ржерзЗржХрзЗ рзорзирзлрзж ржЯрж╛ржХрж╛ ржЪрзБрж░ ржирж┐рзЯрзЗ ржЧрзЗржЫрзЗ ржПржЦржи ржХрж┐ ржЯрж╛ржХрж╛ ржЖрж░ ржкрж╛рз░рзЛ ржирж╛ред,Fraud
ржЖржорж╛рж░ ржмрж┐ржХрж╛рж╢  рж╣рзНржпрж╛ржХ ржХрж░рзЗ рзлрзж рж╣рж╛ржЬрж╛рж░ ржЯрж╛ржХрж╛ ржирж┐рзЯрзЗ ржЧрзЗржЫрзЗ ржпржжрж┐ ржЖржорж╛ржХрзЗ ржПржЗ ржмрж┐рж╖рзЯрзЗ ржПржХржЯрзБ  рж╣рзЗрж▓рзНржк ржХрж░рждрзЗржи ржкрзНрж▓рж┐ржЬред,Partial Fraud
ржмрзГрждрзНрждрж┐рж░ ржХржерж╛ ржмрж▓рзЗ ржЖржорж╛рж░ ржерзЗржХрзЗ ржЖржЬржХрзЗ рзйрзл рж╣рж╛ржЬрж╛рж░ ржЯрж╛ржХрж╛ ржирж┐рзЯрзЗ ржЧрзЗржЫрзЗред ржЖрж▓рзНрж▓рж╛рж╣ рждрж╛ржжрзЗрж░ рждрзБржорж┐ ржХрзНрж╖ржорж╛ ржХрж░рзЛ ржирж╛ред,Partial Frauad
"ржнрж╛ржЗ ржПржХрж▓рзЛржХ ржЖржорж╛рж░ ржерзЗржХрзЗ ржкрзНрж░рждрж╛рж░ржгрж╛ ржХрж░рзЗ рззрзл рж╣рж╛ржЬрж╛рж░ ржирж┐рзЯрзЗ ржЧрзЗржЫрзЗ , ржХрж┐ ржХрж░рждрзЗ ржкрж╛рж░рж┐ ржПржЦржи?",Partial  Fraud
"ржнрж╛ржЗ ржХрж░рзЛржирж╛ ржнрж╛ржЗрж░рж╛рж╕ ржПрж░ ржХржерж╛ ржмрж▓рзЗ ржЖржорж╛рж░ ржерзЗржХрзЗ рззрзк/рзжрзй/рзирзи, рж░рж╛ржд рзоржЯрж╛ рзлржорж┐ржирж┐ржЯрзЗ рзирзжрзкрзжрзж ржЯрж╛ржХрж╛ ржирж┐рзЯрзЗ ржЧрзЗржЫрзЗред ржХрж┐ ржХрж░ржмрзЛ?",Partial Fraud
рззрзл рж╣рж╛ржЬрж╛рж░ ржЯрж╛ржХрж╛ ржЪрж▓рзЗ ржЧрзЗрж▓рзЛ ржЖржорж╛рж░ред,Fraud
ржнрж╛ржЗ ржЖржорж╛рж░ ржкрж░рж┐ржЪрж┐рждрзЛ ржПржХ ржЬржи ржорж╣рж┐рж▓рж╛ ржмрж┐ржХрж╛рж╢ ржнрзЗрж░рж┐ржлрж╛ржЗ ржХрзЛржЯ ржЯрж┐ ржмрж▓рж╛рж░ ржкрж░ ржЯрж╛ржХрж╛ ржирж┐рзЯрзЗ ржЧрзЗржЫрзЗ ржорж╣рж┐рж▓рж╛ржЯрж┐ рж╕рж╣ржЬ рж╕рж░рж▓ рждрзЛ рждрж╛ржЗ ржмрж▓рзЗ ржжрж┐ржЫрзЗ ржПржЦржи ржХрж┐ ржХрж░ржирж┐ржУ?,Partial Fraud
ржнрж╛ржЗрзЯрж╛ ржЖржЬржХрзЗ ржЖржорж╛рж░ ржмрзЛржи ржерзЗржХрзЗ рзк рж╣рж╛ржЬрж╛рж░ ржЯрж╛ржХрж╛ ржирж┐рзЯрзЗ ржЧрзЗржЫрзЗред рждрж┐ржирж┐ ржирж╛ ржмрзБржЭрзЗ ржкрж╛рж╕ржУрзЯрж╛рж░рзНржб ржжрж┐ржЫрзЗ рждрж╛рж░ржкрж░ ржкрж┐ржи ржЪрж╛ржЗрж╕рзЗ ржкрж┐ржиржУ ржжрж┐рзЯрзЗ ржжрж┐ржЫрзЗред ржПржЦржи ржкрж┐ржи ржЪрзЗржЮрзНржЬ ржХрж░рзЗ ржлрзЗрж▓рзЗржЫрж┐ред ржПржЦржи ржХрж┐ ржХрзЛржирзЛ рж╕ржорж╕рзНржпрж╛ рж╣ржмрзЗ? рждрж╛рж░рж╛ ржХрж┐ ржПржЦржи ржкрж╛рж╕ржУрзЯрж╛рж░рзНржб ржПрж░ ржорж╛ржзрзНржпржорзЗ ржЯрж╛ржХрж╛ ржирж┐рждрзЗ ржкрж╛рж░ржмрзЗ?,Fraud
,
"ржЙржкржмрзГрждрзНрждрж┐рж░ ржЯрж╛ржХрж╛рж░ ржХржерж╛ ржмрж▓рзЗ ржЖржорж╛рж░ ржерзЗржХрзЗ ржЖржЬржХрзЗ рж╕ржирзНржзрзНржпрж╛рзЯ рзирзжрзжрзж ржЯрж╛ржХрж╛ ржирж┐рзЯрзЗржЫрзЗред ржЖржорж┐ ржХрж┐ ржХрж░ржмрзЛ? рж╣рзЗрж▓рзНржк ржХрж░рзЗржи,ржПржЯрж╛ ржЖржорж╛рж░ ржХрж╖рзНржЯрзЗрж░ ржЯрж╛ржХрж╛ред",Fraud
ржЖржорж╛рж░ ржерзЗржХрзЗ ржЖржЬ рззрзлрзжрзжржЯрж╛ржХрж╛ ржирж┐ржпрж╝рзЗржЫрзЗред,Fraud
"ржнрж╛ржЗ ржЖржорж╛ржХрзЗ ржПржХ ржкрзНрж░рждрж╛рж░ржХ ржлрзЛржи ржжрж┐рзЯрзЗ ржмрж▓рзЗ рждрж╛ржХрзЗ рзлрзжрзжрзж ржЯрж╛ржХрж╛ ржирж╛ ржжрж┐рж▓рзЗ рж╕рзЗ ржЖржорж╛рж░ ржПржХрж╛ржЙржирзНржЯ рж▓ржХ ржХрж░рзЗ рж░рж╛ржЦржмрзЗ ржПржЦржи рждрж╛ржХрзЗ ржЖржорж┐ ржЯрж╛ржХрж╛ ржжрзЗржЗржирж┐ ржЖржорж╛рж░ ржПржХрж╛ржЙржирзНржЯ ржмржирзНржз рж╣рзЯрзЗ ржЧрзЗржЫрзЗ, ржЖржорж╛рж░ ржПржХрж╛ржЙржирзНржЯрзЗ ржкрзНрж░рж╛рзЯ рзирзорзжрзжрзж ржЯрж╛ржХрж╛ ржЖржЫрзЗ ржЖржорж┐ ржХрж┐ ржХрж░рждрзЗ ржкрж╛рж░рж┐??",Partial Fraud
рззрзирзжрзжрзж ржЯрж╛ржХрж╛ ржЧрзЗржЫрзЗред,Fraud
"ржЖржЬржХрзЗ ржЖржорж╛рж░ рзлрзжрзжрзжрж╣рж╛ржЬрж╛рж░ ржЯрж╛ржХрж╛ ржирж┐рзЯрзЗ ржЧрзЗржЫрзЗред ржПржХржЯрж╛ ржиржорзНржмрж░ ржерзЗржХрзЗ ржлрзЛржи ржжрж┐рж╕рж┐рж▓рзЛ ржЖржорж┐ржУ ржмрзБржЬрждрзЗ ржкрж╛рж░рж┐ржирж┐ , ржпрж╛ ржпрж╛ ржмрж▓рзЗржЫрзЗ ржХрж░рзЗржЫрж┐ред ржирж┐ржЬрзЗрж░ ржнрзБрж▓рзЗ рж╕ржм ржЧрзЗрж▓рзЛред ржЯрж╛ржХрж╛ржЯрж╛ ржЦрзБржм ржкрзНрж░рзЯрзЛржЬржи ржЫрж┐рж▓ред",Fraud
ржнрж╛ржЗрзЯрж╛ ржЖржорж┐ ржЖржЫржХрзЗ ржкрзНрж░рждрж╛рж░ржирж╛ рж╣ржЗржЫрж┐ 25рж╣рж╛ржЬрж╛рж░ ржЯрж╛ржХрж╛ ржирж┐рзЯрзЗ ржЧрзЗржЫрзЗ ржЖржорж┐ ржЦрзБржм ржЧрж░рж┐ржм ржП-ржЗ ржорзЗрзЯрзЗржЯрж╛рж░ рж╕рж╛ржерзЗ ржпрж╛ рж╣ржЗржЫрзЗ ржЖржорж╛рж░ рж╕рж╛ржерзЗржУ ржПржЯрж╛ рж╣ржЗржЫрзЗ ржЖржорж┐ ржПржЦржи ржХрж┐ ржХрж░ржмрзЛ ржЖржорж┐ ржЬрж╛ржирж┐ржирж╛ ржЖржорж╛рж░ рж╕рж╛ржерзЗ ржПржЗржЯрж╛рж╣ржЗржЫрзЗ,Fraud
"ржЧржд ржкрж╣рзЗрж▓рж╛ ржмрзИрж╢рж╛ржЦрзЗ ржЖржорж╛рж░ рж╕рзНржмрж╛ржорзАрж░ ржХрж╛ржЫ ржерзЗржХрзЗржУ (ржПржХ рж▓рж╛ржЦ ржЫрзЯ рж╣рж╛ржЬрж╛рж░ ржЯрж╛ржХрж╛) ржирж┐рзЯрзЗржЫрзЗ ржПржЗ ржмрж╛ржЯржкрж╛рж░рж░рж╛, ржлрж░рж┐ржжржкрзБрж░ ржерзЗржХрзЗ",Partial Fraud
ржЖржорж╛рж░ рж╕рзЗржкрзНржЯрзЗржорзНржмрж░ ржПрж░ рззрзз рждрж╛рж░рж┐ржЦ рзйрзж рж╣рж╛ржЬрж╛рж░ ржЯрж╛ржХрж╛ ржирж┐рзЯрзЗ ржЧрзЗржЫрзЗредред ржЖржорж┐ ржПржжрзЗрж░ ржЙржкржпрзБржХрзНржд ржмрж┐ржЪрж╛рж░ ржЪрж╛ржЗредред ржПржжрзЗрж░ ржлрж╛рж╕рж┐ ржжрзЗржУрзЯрж╛ рж╣рзЛржХредред ржЕрж╕рж╣рж╛рзЯ ржорж╛ржирзБрж╖ржжрзЗрж░ ржирж┐ржГрж╕рзНржм ржХрж░рзЗ ржжрзЗрзЯ,Partial Fraud
ржнрж╛ржЗржпрж╝рж╛ ржЖржорж╛ржХрзЗ ржПржХржЯрзБ рж╕рж╛рж╣рж╛ржпрзНржп ржХрж░рзЗржиред ржЖржорж╛рж░ ржХрж╛ржЫ ржерзЗржХрзЗржУ ржЧрждржХрж╛рж▓ржХрзЗ 69 рж╣рж╛ржЬрж╛рж░ 800 ржЯрж╛ржХрж╛ ржПржнрж╛ржмрзЗ ржкрзНрж░рждрж╛рж░ржгрж╛ ржХрж░рзЗ ржирж┐ржпрж╝рзЗ ржЧрзЗржЫрзЗред ржПржЦржи ржЖржорж╛рж░ ржЪрж╛ржХрж░рж┐ ржирж┐ржпрж╝рзЗ ржЯрж╛ржирж╛ржЯрж╛ржирж┐ ржЕржмрж╕рзНржерж╛ред ржЖржорж╛рж░ ржПржЦржи ржорж░рзЗ ржпрж╛ржУржпрж╝рж╛рж░ ржоржд ржЕржмрж╕рзНржерж╛ рж╣ржпрж╝рзЗ ржЧрзЗржЫрзЗ,Fraud
ржнрж╛ржЗ ржПржХржЗ ржнрж╛ржмрзЗ ржЖржорж░ ржкрж░рж┐ржмрж╛рж░рзЗрж░ ржПржХ рж╕ржжрж╕рзНржп ржПрж░ ржХрж╛ржЫ ржерзЗржХрзЗ ржЧржд рж╕ржкрзНрждрж╛рж╣рзЗ 140000 ржЯрж╛ржХрж╛ ржирж┐ржпрж╝рзЗ ржЧрзЗрж╕рзЗ 3 ржЯрж╛ ржиржорзНржмрж░ ржерзЗржХрзЗ ржерж╛ржирж╛рзЯ ржЬрж╛ржирж┐ржпрж╝рзЗржУ ржХрзЛржи рж▓рж╛ржн рж╣ржпрж╝ржирж┐ ржПржжрзЗрж░ ржХрзЛржи ржмрж┐ржЪрж╛рж░ ржЖржорж░рж╛ ржХрж░рждрзЗ ржкрж╛рж░ржЫрж┐ ржирж╛,Partial Fraud
ржЖржорж╛рж░ ржЖржорзНржорзБржХрзЗ ржмрзЛржХрж╛ ржмрж╛ржирж┐рзЯрзЗ ржмрж┐ржХрж╛рж╢ ржерзЗржХрзЗ рзорзжрзжрзж ржЯрж╛ржХрж╛ ржирж┐рзЯрзЗржЫрж┐рж▓,Fraud
10000 ржзрж░рж╛ ржЦрж╛ржЗрж╕рж┐ ржЖржорж┐ ржХрзЗржпрж╝рж╛рж░рзЗ ржХрж▓ ржжрзЗржпрж╝рж╛рж░ ржкрж░ ржЖрж░ ржХрж┐ржЫрзБ ржмрж▓рзЗржирж┐,Partial Fraud
ржЖржорж╛ржХрзЗржУ ржПрж░ржХржо ржмрж▓рзЗ рззрзкрзлрзпрзж ржЯрж╛ ржирж┐рзЯрзЗржЫрзЗ,Partial Fraud
ржЖржорж╛рж░ рзнрзлрзжрзжрзж ржЯрж╛ржХрж╛ ржирж┐рзЯрж╛ ржЧрзЗржЫрзЗ рзжрзл/рзжрзм/рзирзжрзирзз ржХрж┐рж╢рзЛрж░ржЧржЮрзНржЬ ржерзЗржХрзЗ ржХрзЛржирзЛ рж╕рж╛рж╣рж╛ржпрзНржп ржкрж╛ржЗржирж╛ржЗ ржерж╛ржирж╛ржЗ,Fraud
"ржнрж╛ржЗ ржПрж░ржХржо ржХрж░рзЗ ржЖржЬржХрзЗ ржЖржорж╛рж░ ржХрж╛ржЫ ржерзЗржХрзЗ рззрзирзжрзжрзж рж╣рж╛ржЬрж╛рж░ ржЯрж╛ржХрж╛ ржирж┐рзЯрж╛ ржЧрзЗржЫрзЗ ржкрзНрж░рждрж╛рж░ржХрж░рж╛,,ржПржЦржи ржХрж░ржгрзАрзЯ ржХрж┐ ржнрж╛ржЗ ржПржХржЯрзБ ржЬрж╛ржирждрзЗ ржЪрж╛ржЗ",Partial Fraud
ржПрж░рж╛ ржЖржорж╛рж░ ржмрж╛ржмрж╛ ржмрж┐ржХрж╛рж╢ ржХрзЛржб ржЪрзБрж░рж┐ ржХрж░ржЫрж┐ 30 ржЯрж╛ржХрж╛ ржирзЗржЫрзЗ,Partial Fraud
ржнрж╛ржЗ ржЖржорж╛ржХрзЗ ржХрзЗржЙ рж╕рж╛рж╣рж╛ржпрзНржп ржХрж░рзБржиредржЖржорж╛рж░ рзлрзжрзжрзжрзж ржЯрж╛ржХрж╛ ржорзЗрж░рзЗ ржжрж┐ржЫрзЗ рззрзз/рззрзз/рзирзж рждрж╛рж░рж┐ржЦрзЗред ржХрж┐ ржХрж░рж▓рзЗ ржзрж░рждрзЗ ржкрж╛рж░ржмрзЛ ржХрзЗржЙ ржмрж▓рзЗржи ржжрзЯрж╛ ржХрж░рзЗ?,Partial Fraud
ржЖржорж╛рж░ рзирззрзкрзжрзж ржЯрж╛ржХрж╛ ржирж┐рзЯрзЗ ржЧрзЗржЫрзЗ ржХрзЗржЙ ржХрж┐ ржХрзЛржирзЛ ржнрж╛ржмрзЗ ржЖржорж╛ржХрзЗ рж╕рж╛рж╣рж╛ржпрзНржп ржХрж░ржмрзЗржи,Fraud
ржЖржорж╛рж░ ржЫрзЗрж▓рзЗрж░ ржХрж╛ржЫ ржерзЗржХрзЗ ржЧржд ржорж╛рж╕рзЗ рззрзйрзжрзжрзжржЯрж╛ржХрж╛ ржирж┐рзЯрзЗржЫрзЗ,Partial Fraud
ржЖржорж╛рж░ рж╕рж╛ржерзЗржУ ржПржоржи ржХрж░ржЫрзЗ 15 рж╣рж╛ржЬрж╛рж░ ржЯрж╛ржХрж╛ ржирж┐рзЯрзЗ ржЧрзЗржЫрзЗ,Fraud
ржЖржорж╛рж░ ржПржХ ржкрж░рж┐ржЪрж┐ржд ржнрж╛ржЗржпрж╝рзЗрж░ рззрззрзкрзжрзж ржЯрж╛ржХрж╛ ржПржХ ржкрзНрж░рждрж╛рж░ржХ ржирж┐ржпрж╝рзЗ ржЧрзЗржЫрзЗ ржмрж┐ржХрж╛рж╢ ржерзЗржХрзЗ ред ржЖржорж┐ ржирж╛ ржерж╛ржХрж▓рзЗ рж╕рзЗ ржЖрж░рзЛ рзирзйрзнрзжрзж ржЯрж╛ржХрж╛ ржирж┐ржпрж╝рзЗ ржпрзЗржд ред,Fraud
ржнрж╛ржЗ ржХрж┐ржЫрзБржжрж┐ржи ржЖржЧрзЗ ржЖржорж╛рж░ ржирж╛ржирж╛рж░ ржмрж┐ржХрж╛рж╢ ржПрж░ рзирзжрж╣рж╛ржЬрж╛рж░ рзкрзжрзж ржирж┐рзЯрж╛ ржЧрзЗржЫрзЗред,Fraud
"рзз/рзп/рзирзи рждрж╛рж░рж┐ржЦрзЗ,,, ржЖржорж╛рж░ рззрзйрзн,рззрзкрзз ржЯрж╛ржХрж╛ рж╣рж╛рждрж┐рзЯрзЗ ржирж┐рзЯрзЗ ржЧрзЗржЫрзЗрз╖ ржПржХ рж▓рж╛ржЦ рж╕рж╛ржЗрждрзНрж░рж┐рж╢ рж╣рж╛ржЬрж╛рж░ ржПржХрж╢ржд ржПржХржЪрж▓рзНрж▓рж┐рж╢ ржЯрж╛ржХрж╛ред  ржПржЗ ржЯрж╛ржХрж╛ ржкрж╛ржУрзЯрж╛рж░ ржХрж┐ ржХрзЛржирзЛ ржмрзЗржмрзЛрж╕рзНржерж╛ ржЖржЫрзЗред",Partial Fraud
ржЖржорж╛ржжрзЗрж░ ржУ ржЧрждржХрж╛рж▓ рж░рж╛рждрзЗ 4 рж╣рж╛ржЬрж╛рж░ 1 рж╢ржд 60 ржЯрж╛ржХрж╛ ржирж┐рзЯрзЗржЫрзЗржи,Fraud
ржЖржорж╛рж░ 28932 ржЯрж╛ржХрж╛ ржирж┐рзЯрзЗ ржЧрзЗржЫрзЗредржПржЯрж╛ржХрж╛ ржлрзЗрж░ржд ржкрж╛ржУрзЯрж╛рж░ ржХрзЛржи ржЙржкрж╛рзЯ ржирж╛ржЗ?,Partial Fraud
ржЖржорж╛рж░ ржХрж╛ржЫ ржерзЗржХрзЗржУ 53 рж╣рж╛ржЬрж╛рж░ ржЯрж╛ржХрж╛ ржирж┐ржпрж╝рзЗржЫрзЗ ржкрзНрж░рждрж╛рж░ржХрж░рж╛,Fraud
ржнрж╛ржЗ ржЖржорж╛рж░ рзлрзжрзжрзжрзж рж╣рж╛ржЬрж╛рж░ ржЯрж╛ржХрж╛ ржЦрж╛ржЗрж╕рзЗред,Fraud
ржЖржорж╛рж░ рззрзж рж╣рж╛ржЬрж╛рж░ ржЯрж╛ржХрж╛ ржЦрж╛ржЗржЫрзЗ ржПрж╕ржм ржкрждрж╛рж░ржХ ржмрж┐ржХрж╛рж╢ ржерзЗржХрзЗред,Fraud
ржЖржорж╛рж░ ржХрж╛ржЫ ржерзЗржХрзЗ 26 рж╣рж╛ржЬрж╛рж░ ржЯрж╛ржХрж╛ ржирж┐ржЫрзЗ,Partial Fraud
ржЖржорж╛рж░ ржЫрзЛржЯ ржмрзЛржирзЗрж░ рзйрзл рж╣рж╛ржЬрж╛рж░ ржЯрж╛ржХрж╛ ржЧржЪрзНржЫрж╛ ржпрж╛рзЯред,Fraud
"ржЖржорж╛рж░ ржерзЗржХрзЗ рзирзжрзжрзжрзж рж╣рж╛ржЬрж╛рж░ ржЯрж╛ржХрж╛ ржирж┐ржЫрзЗ,,,, ржПржЗ рж░ржХржо ржнрж╛ржмрзЗ",Fraud
"ржЧрждржХрж╛рж▓ рж░рж╛рждрзЗ ржЖржорж╛рж░ ржорж╛ржорж╛рж░ ржмрж┐ржХрж╛рж╢ ржПржЬрзЗржирзНржЯ рж╕рж┐ржо ржПржХрзНржЯрж┐ржнрзЗржЯ ржжрзЗржУрзЯрж╛рж░ ржирж╛ржо ржХрж░рзЗрзлрзж,рзжрзжрзж ржЯрж╛ржХрж╛ рж╣рж╛рждрж┐рзЯрзЗ ржирж┐рзЯрзЗржЫрзЗ, рж╕рзНржерж╛ржирзАрзЯ ржмрж┐ржХрж╛рж╢ ржХрж╛рж╕рзНржЯрзЛржорж╛рж░ ржХрзЗрзЯрж╛рж░ ржЕржлрж┐рж╕рж╛рж░рзЗрж░ рж╕рж┐ржо ржХрзНрж▓рзЛржи ржХрж░рзЗ ржкрзНрж░рждрж╛рж░ржирж╛ ржХрж░рзЗржЫрзЗ",Fraud
ржУрж░рж╛ ржХрж┐ржЫрзБржжрж┐ржи ржЖржЧрзЗ ржЖржорж╛рж░ рзмрзлрзирзж ржЯрж╛ржХрж╛ рж╣рж╛рждрж┐рзЯрзЗ ржирж┐рзЯрзЗржЫрзЗред ржЖржорж┐ рждрж╛ржжрзЗрж░ ржжрзНржмрж┐рж╖рзНржЯрж╛ржирзНржд ржорзБрж▓ржХ рж╕рзНржмрж╛рж╕рзНрждрж┐ржжрж╛ржмрж┐ ржХрж░ржЫрж┐ред,Partial Fraud
ржЖржорж┐ржУ ржПржЬрзЗржирзНржЯ ржЖржорж╛рж░ рж╕рж╛ржерзЗ ржХрж░рзЗржЫрж┐рж▓ ржЖржорж╛рж░ ржзрж╛рж░ржгрж╛ ржмрж┐ржХрж╛рж╢рзЗрж░ тАНржПрж╕ ржЖрж░ ржЬрзЬрж┐ржд,Partial Fraud
ржПржХржЗржнрж╛ржмрзЗ ржЖржорж╛рж░ ржПржЬрзЗржирзНржЯ ржерзЗржХрзЗ ржУ рзнрзжрж╣рж╛ржЬрж╛рж░ ржЯрж╛ржХрж╛ ржирж┐рзЯрзЗ ржЧрзЗржЫрзЗ,Fraud
"ржЖржорж╛рж░ рж╕рж╛ржерзЗ ржПржХржмрж╛рж░ ржПржЗ рж░ржХржо рж╣рзЯрзЗржЫрж┐рж▓рзЛ, рждржмрзЗ ржЪрж╛ржирзНрж╕ ржкрж╛ржЗржирж╛ржЗред 10000 ржЯрж╛ржХрж╛рж░ рж▓рзЗржиржжрзЗржи ржЫрж┐рж▓рзЛ",Partial Fraud
ржЖржорж╛рж░ рж╕рж╛ржерзЗ рж╣рзБржмрж╛рж╣рзБ ржПржЗ рж░ржХржо рж╣ржЗржЫрзЗрзйрзжрзжрзжржЯрж╛ржХрж╛ ржирж┐рзЯрж╛ ржЧрзЗржЫрзЗ ржЖржорж╛рж░редржбрж┐рж╕рзЗржорзНржмрж░рзЗ ржирж┐ржЫрзЗ ржЖржорж╛рж░ ржЯрж╛ржХрж╛ржЖржЧрзЗ ржжрзЗржЦрж▓рзЗ ржЖржорж╛рж░ ржЯрж╛ржХрж╛ ржЧрзБрж▓рж╛ ржпрж╛ржЗрждрзЛ ржирж╛,Fraud
ржнрж╛ржЗ ржПржЯрж╛ ржмрж┐ржХрж╛рж╕ ржкрзЛрждрж╛рж░ржХрзЗрж░ ржирж╛ржоржмрж╛рж░ ржнрж╛ржЗ ржУ ржЖржорж╛рж░ рззрзкрзйрзжрзж ржЯрж╛ржХрж╛ ржирж┐ржЫрзЗ ржнрж╛ржЗредред,Fraud
ржнрж╛ржЗ ржЖржорж┐ ржд ржЖржорж╛рж░ OTP ржжрж┐рзЯрзЗ ржлрзЗрж▓рзЗржЫрж┐ред ржЖржорж╛рж░ ржмрж┐ржХрж╛рж╢ ржП рзкрзжрзж ржЯрж╛ржХрж╛рж░ ржЙржкрж░рзЗ ржЫрж┐рж▓рзЛред ржЯрж╛ржХрж╛ ржЬрж╛ржЗ ржирж╛ржЗ...... ржЖржорж┐ ржЖржорж╛рж░ Pin ржкрж░рж┐ржмрж░рзНрждржи ржХрж░рзЗ ржлрзЗрж▓рзЗржЫрж┐ ржПржЦржи ржХрж┐ ржХрзЛржи рж╕ржорж╕рж╕рж╛ рж╣ржмрзЗ.......plz ржХрзЗржУ ржПржЗ ржмрзЗржкрж╛рж░рзЗ ржЬрж╛ржирж▓рзЗ ржПржХржЯрзБ рж╕рж╛рж╣рж╛ржпрзНржп ржХрж░ржмрзЗржи,Partial Fraud
10 ржжрж┐ржи ржЖржЧрзЗ ржХрзЛрж░ржмрж╛ржирж┐рж░ ржЬржирзНржп ржЯрж╛ржХрж╛ржЯрж╛ ржжрж┐рж▓ ржмрж┐ржжрзЗрж╢ ржерзЗржХрзЗ ржПржЗ ржЯрж╛ржХрж╛ржЯрж╛ ржЧрж╛ржпрж╝рзЗржм рж╣ржпрж╝рзЗ ржЧрзЗрж▓ 20 рж╣рж╛ржЬрж╛рж░ ржЯрж╛ржХрж╛,Fraud
,
ржнрж╛ржЗ ржХрж╛рж▓ржХрзЗ ржЖржорж╛рж░ ржХрж╛ржЫржерзЗржХрзЗ рззрзм рж╣рж╛ржЬрж╛рж░ ржирж┐рзЯрж╛ ржЧрзЗржЫрзЗ,Partial Fraud
ржнрж╛ржЗ ржЖржорж╛ржХрзЗ ржлрзЛржи ржжрж┐ржЫрж┐рж▓ ржЖржорж┐ржУ ржЯрзНрж░рзБржХрж▓рж╛рж░ ржмрзНржпржмрж╣рж╛рж░ ржХрж░рж┐ ржирж╛ржорзНржмрж╛рж░ ржерзЗржХрзЗржЗ ржирж╛ржорзНржмрж╛рж░ ржерзЗржХрзЗ ржлрзЛржи ржжрж┐ржЫрж┐рж▓ ржЖржорж╛ржХрзЗ,Partial Fraud
ржнрж╛ржЗ ржЖржорж╛рж░ ржХрж╛ржЫрзЗ ржерзЗржХрзЗ 10000 рж╣рж╛ржЬрж╛рж░ ржЯрж╛ржХрж╛ ржирж┐ржпрж╝рзЗржЫрзЗ ржЖржорж╛рж░ ржорж╛ржпрж╝рзЗрж░ ржЪрзЛржЦрзЗрж░ ржЕржкрж╛рж░рзЗрж╢ржи ржХрж╛рж░ржмрзЛ ржмрж▓рзЗ ржмрж┐ржХрж╛рж╢рзЗ ржЯрж╛ржХрж╛ рж░рж╛ржЦржЫрж┐рж▓рж╛ржо рж╕рж╛ржЯрж╛ ржирж┐ржпрж╝рзЗржЫрзЗ,Fraud
ржнрж╛ржЗ ржЖржорж╛рж░ 18000 ржЯрж╛ржХрж╛ ржирж┐рзЯрзЗ ржЧрзЗржЫрзЗ ржУрж░рж╛ ред,Fraud
ржнрж╛ржЗ ржЖржорж╛рж░ ржлрзНржпрж╛ржорж┐рж▓рж┐рж░ 15 рж╣рж╛ржЬрж╛рж░ ржЯрж╛ржХрж╛ ржирж┐рзЯрзЗ ржЧрзЗржЫрзЗ ржЙржжрзНржзрж╛рж░ржХрж╛рж░рж╛рж░ ржХрзЛржи ржЙржкрж╛рзЯ ржЖржЫрзЗ ржХрж┐ ?,Partial Fraud
ржнрж╛ржЗ... ржХрж╛рж▓ рж░рж╛рждрзЗ 1100 ржЯрж╛ржХрж╛ рж╣рж╛рж╛ржЗржЫрж┐... ржХрж╛рж▓ рж░рж╛рждрзЗ ржжрзЗржХрзНрж▓рзЗржУ ржЯрж╛ржХрж╛ ржЧрзБрж▓рж╛ ржерж╛ржХрзНрждрзЛ....ржЖржорж╛рж░ ржЖржорзНржорзБрж░ ржЪрзЛржЦрзЗрж░ ржЪрж┐ржХрж┐рждрж╕рж╛рж░ ржЯрж╛ржХрж╛ ржЫрж┐рж▓...ржПржЦржирзЛ ржмрж╛рж╕рж╛рзЯ ржмрж▓рж┐ржирж┐...ржмрзБржЬрждрзЗ ржкрж╛рж░рждрж╛ржЫрж┐ржирж╛ ржХрж┐ ржХрж░ржмрзЛ...ржХрзЗржУ ржмрж▓рзБржи ржХрж┐ржнрж╛ржмрзЗ ржЯрж╛ржХрж╛ ржЧрзБрж▓ ржкрзЗрждрзЗржкрж╛рж░рж┐,Partial Fraud
ржнрж╛ржЗ ржЖржорж╛рж░ ржХрзБрждрзНрждрж╛рж░ ржмрж╛ржЪрзНржЫрж╛рж░рж╛ рзирзлрзжрзжрзж/ рж╣рж╛ржЬрж╛рж░ ржЦрж╛ржЗржЫрзЗ ржарж┐ржХ ржПржХржЗ ржнрж╛ржмрзЗ,Fraud
ржЖржорж╛рж░ ржПржХ ржнрж╛ржЗрж░ рзлрзж рж╣рж╛ржЬрж╛рж░ ржЯрж╛ржХрж╛ ржирж┐рзЯрзЗ ржЧрзЗржЫрзЗ,Fraud
"ржЖржорж╛ржХрзЗ ржУ ржжрж┐рзЯрзЗржЫрзЗ ржЖрж░ ржЫрзЗрж▓рзЗрж░ ржЙржкржмрзГрждрзНрждрж┐рж░ ржЯрж╛ржХрж╛ ржирж┐рзЯрзЗржЫрзЗ ржмрзБржЭрждрзЗ ржкрж╛рж░рж┐ржирж┐, ржЖржЧрзЗ ржнрж┐ржбрж┐ржУ ржЯрж╛ ржжрзЗржЦрж▓рзЗ рж╣рзЯржд ржмрж╛ ржнрзБрж▓ржЯрж╛ рж╣ржд ржирж╛ред",Fraud
ржЖржорж╛рж░ ржнрж╛ржЗрзЯрж╛ржУ ржмрж┐ржХрж╛рж╢ ржкрзНрж░рждрж╛рж░ржХрзЗрж░ рж╢рж┐ржХрж╛рж░редржПржоржирж┐рждрзЗржЗ ржЖржорж░рж╛ ржЧрж░рж┐ржм ржорж╛ржирзБрж╖редрждрж╛рж░ ржЙржкрж░ ржЖржорж╛рж░ ржнрж╛ржЗрзЯрзЗрж░ ржерзЗржХрзЗ рзирзкрзлрзжрзж ржЯрж╛ржХрж╛ ржорзЗрж░рзЗ ржжрж┐ржЫрзЗред ржПржЦржирзЛ рж╕рзЗржЗ ржЯрж╛ржХрж╛ рж╢рзЛржз ржХрж░рждрзЗ ржкрж╛рж░рж┐ ржирж╛ржЗред,Fraud
ржЖржорж╛рж░ рзнрзжрзжрзж/- ржЧрзЗржЫрзЗ ржмрж┐ржХрж╛рж╢ рж╣рзНржпрж╛ржХрж╛рж░ ржПрж░ ржХрж╛ржЫрзЗ,Fraud
ржмрж┐ржХрж╛рж╢рзЗ ржЯрж╛ржХрж╛ рж▓рзЗржиржжрзЗржи ржЦрзБржмржЗ ржЭрзБржБржХрж┐ржкрзВрж░рзНржгред рззрзмрзкрзжрзж ржЯрж╛ржХрж╛ ржЧржЪрзНржЪрж╛ ржЦрзЗрзЯрзЗржЫрж┐ред ржарзБржиржХрзЛ ржЙржкрж╛рзЯрзЗ ржЯрж╛ржХрж╛ ржнрж╛ржЧрж┐рзЯрзЗ ржирж┐рзЯрзЗржЫрзЗред ржкрж░рзЗ рж╕ржХрж▓ ржкрзНрж░рзЯрзЛржЬржирзАрзЯ рждржерзНржпрж╕рж╣ржХрж╛рж░рзЗ ржмрж┐ржХрж╛рж╢рзЗ ржЕржнрж┐ржпрзЛржЧ ржжрж┐рзЯрзЗ ржПржмржВ ржерж╛ржирж╛рзЯ ржЬрж┐ржбрж┐ ржХрж░рзЗржУ ржХрзЛржи ржлрж▓рж╛ржлрж▓ ржЖрж╕рзЗржирж┐ред,Partial Fraud
ржарж┐ржХ ржПржнрж╛ржмрзЗ ржЖржорж╛рж░ ржХрж╛ржЫ ржерзЗржХрзЗ рззрзжрзжрзж ржЯрж╛ржХрж╛ ржирж┐рзЯрзЗ ржирж┐ржЫрзЗржЖржорж┐ ржПрж░ ржмрж┐ржЪрж╛рж░ ржЪрж╛ржЗ,Fraud
ржЖржорж╛рж░ ржкрзНрж░рж╛рзЯ рззрзлрзжрзжрзжрз│ ржирж┐рзЯрзЗржЫрзЗ ржПржоржи ржЬрж╛рж▓рж┐ржорж░рж╛ред,Fraud
ржПржЗ ржнрж╛ржмрзЗ ржЖржорж╛рж░ ржЫрзЛржЯ ржнрж╛рзЯрзЗрж░ рзи рж▓рж╛ржЦ ржЯрж╛ржХрж╛ ржирж┐рзЯрзЗ ржпрж╛рзЯред,Partial Fraud
"ржЖржорж╛рж░ ржмрж╛ржмрж╛ ржерзЗржХрзЗржУ рзирзз,рзжрзжрзж ржЯрж╛ржХрж╛ ржирж┐ржЫрзЗ",Fraud
ржЖржорж╛рж░ ржПрж▓рж╛ржХрж╛рзЯ рзйрзлрзжрзжрзж ржЯрж╛ржХрж╛ ржЬрж╛рж▓рж┐рзЯрж╛рждрж┐ ржХрж░рзЗржЫрзЗ,Partial Fraud
ржЖржорж╛рж░ ржХрж╛ржЫ ржерзЗржХрзЗ рзирзлрзжрзж ржЯрж╛ржХрж╛ ржирж┐рзЯрзЗ ржЧрзЗржЫрзЗ,Fraud
ржЖржорж╛рж░ ржерзЗржХрзЗ рзлрзжрзжрзжрзж ржЯрж╛ржХрж╛ ржирж┐рзЯрзЗржЫрзЗ,Fraud
ржмрж┐ржХрж╛рж╢ ржмржирзНржз ржХрж░рзЗ ржжрзЗрзЯрж╛ рж╣рзЛржХред ржЖржорж╛рж░ рззрзжрзжрзжрзж ржЯрж╛ржХрж╛ ржорзЗрж░рзЗ ржжрж┐рж▓рзЛред,Partial Fraud
ржЖржорж╛рж░ ржХрж╛ржЫ ржерзЗржХрзЗ ржжрзБржЗ ржмрж╛рж░ ржП рззрзлрзжрзжрзж рж╣рж╛ржЬрж╛рж░ ржЯрж╛ржХрж╛ ржирж┐рзЯрзЗ ржЧрзЗрж▓рзЛ,Partial Fraud
ржЖржорж╛рж░ ржПржХ ржмржирзНржзрзБ ржПржнрж╛ржмрзЗ рзмрзз рж╣рж╛ржЬрж╛рж░ ржЯрж╛ржХрж╛ ржкрзНрж░рждрж╛рж░ржгрж╛рж░ рж╢рж┐ржХрж╛рж░ рж╣рзЯрзЗржЫрзЗред ржПржЗ ржжрж╛рзЯ ржЕржмрж╢рзНржпржЗ ржмрж┐ржХрж╛рж╢ ржХрзЗ ржирж┐рждрзЗ рж╣ржмрзЗред ржХрж╛рж░ржи рждрж╛ржжрзЗрж░ рж╕рж╣ржпрзЛржЧрж┐рждрж╛ ржЫрж╛рзЬрж╛ ржПржЯрж╛ ржХржЦржирзЛ рж╕ржорзНржнржм ржирж╛ред,Partial Fraud
ржЖржорж╛рж░ ржХрж╛ржЫрзЗ ржерзЗржХрзЗ ржЧржд рзи ржжрж┐ржи ржЖржЧрзЗ рзйрзз рж╣рж╛ржЬрж╛рж░ ржЯрж╛ржХрж╛ ржПрж░ рж╕ржмржЗ ржЫрж┐рж▓ рж╣рзНржпрж╛ржХрж┐ржВ,Partial Fraud
ржирж┐ржЙржЬ ржЯрж╛ ржжрзЗржЦрзЗ ржЖржорж╛рж░ рзлрзж рж╣рж╛ржЬрж╛рж░ ржЯрж╛ржХрж╛рж░ ржХржерж╛ ржоржирзЗ ржкрзЬрзЗ ржЧрзЗрж▓рзЛ рж╣рж╛рзЯрж░рзЗ рж╣рзНржпрж╛ржХрж╛рж░ред,Partial Fraud
ржПрж░ржХржо ржХрж░рзЗ ржЖржорж╛рж░ ржЖржкрзБрж░ рж╕рж╛ржерзЗ ржПржоржи рж╣ржЗржЫрзЗ рзнрзж рж╣рж╛ржЬрж╛рж░ ржЯрж╛ржХрж╛ ржирж┐ржЫрзЗ ржЖржорж╛ржжрзЗрж░ ржЕржирзЗржХ ржмрж┐ржкржжрзЗ ржлрзЗрж▓ржЫрзЗ ржЖрж▓рзНрж▓рж╛рж╣ ржЬрж╛ржирзЛржпрж╝рж╛рж░ ржмрж┐ржЪрж╛рж░ ржХрж░рзБржХ,Fraud
ржЖржорж╛ржжрзЗрж░ ржПржЦрж╛ржирзЗржУ ржПржоржи рж╣рзЯрзЗржЫрзЗред рзи рж▓ржХрзНрж╖ рзкрзж рж╣рж╛ржЬрж╛рж░ ржЯрж╛ржХрж╛ ржирж┐рзЯрзЗ ржирж┐рзЯрзЗржЫрзЗред,Fraud
ржжрзБржГржЦржЬржиржХ ржмрж┐рж╖рзЯ ржЯрж┐ ржЖржорж╛рж░ ржЖржЬ ржерзЗржХрзЗ ржкрзНрж░рж╛рзЯ ржмрж┐ржЧржд рзоржжрж┐ржи ржЖржЧрзЗ ржЖржорж╛рж░ ржПржХрж╛ржЙржирзНржЯ рж╣рзНржпрж╛ржХрж┐ржВ ржХрж░рзЗрзлрзлрзжрзжрзж рж╣рж╛ржЬрж╛рж░ ржЯрж╛ржХрж╛ ржирж┐рзЯрзЗ ржпрж╛рзЯ ржмрж┐ ржмрж┐ржХрж╛рж╢ ржЕржлрж┐рж╕ ржПрж░ рж╣рзЗрж▓рзНржк ржЪрж╛ржЗрж▓рзЗ рж╕рж╛рж╣рж╛ржпрзНржп ржХрж░рзЗржирж╛ рждрж╛рж░ржкрж░ ржерж╛ржирж╛рзЯ ржбрж┐ржбрж┐ ржХрж░рждрзЗ ржЧрзЗрж▓рзЗ ржбрж┐ржЯрж┐ ржирзЗржи ржирж╛ ржжрзБржирзБрзЯрж╛рж░ ржпрзЛржЧ ржкрж╛рж▓рзНржЯрж╛ржЗржЧрзЗржЫрзЗ,Partial Fraud
ржЖржорж╛рж░ ржПржХ ржмржирзНржзрзБрж░ рзз рж▓рж╛ржЦ рзн рж╣рж╛ржЬрж╛рж░ ржЯрж╛ржХрж╛ ржПржЗржнрж╛ржмрзЗ ржмрж╛ржБрж╢ ржЦрзЗрзЯрзЗржЫрзЗ ржХрзЯржжрж┐ржи ржЖржЧрзЗред,Partial Fraud
ржЖржорж╛рж░ рж╕рж╛ржерзЗржУ ржПржоржиржЯрж╛ рж╣рждрзЗ ржирж┐ржЫрж┐рж▓рзЛ ржХрж┐ржирзНрждрзБ ржЖрж▓рзНрж▓рж╛рж╣рж░ рж░рж╣ржорждрзЗ рж╢рзЗрж╖ржорзЗрж╖ ржмрзБржЭрждрзЗ ржкрж╛рж░рж╛рзЯ рззрзлрзжрзжрзж ржЯрж╛ржХрж╛ ржЧржЪрзНржЪрж╛ ржЦрж╛ржУрзЯрж╛ ржерзЗржХрзЗ ржмрзЗржЪрзЗ ржЧрзЗржЫрж┐ред,Partial Fraud
ржЖржорж╛ржХрзЗ ржПржнрж╛ржмрзЗржЗ ржЯрж╛ржХрж╛ ржорзЗрж░рзЗ ржжрж┐рзЯрзЗржЫрзЗ ржЖржорж┐ ржоржирзЗ ржХрж░рзЗржЫрж┐рж▓рж╛ржо ржмрж┐ржХрж╛рж╢ ржЕржлрж┐рж╕ рж╣рждрзЗ ржХрж▓ ржжрж┐рзЯрзЗржЫрж┐рж▓рзЛ,Partial Fraud
"ржХрж╛рж▓ ржЖржорж╛рж░ ржПржХ ржмрзЬ ржнрж╛ржЗрзЯрзЗрж░ рзйрзлрзжрзжрзж ржЯрж╛ржХрж╛ ржПржЗржнрж╛ржмрзЗ рж╣рзНржпрж╛ржХ ржХрж░рзЗ ржЙржзрж╛ржУ ржХрж░рзЗ ржжрж┐ржЫрзЗ,, ржПрж░ ржПржХржЯрж╛ ржХржарж┐ржи ржмрзНржпржмрж╕рзНржерж╛ ржирзЗржУрзЯрж╛ ржжрж░ржХрж╛рж░рз╖",Fraud
ржЖржЬ 50 рж╣рж╛ржЬрж╛рж░ ржЯрж╛ржХрж╛ ржЖржорж░ ржмрж┐ржХрж╛рж╢ ржерзЗржХрзЗ рж╣рзНржпрж╛ржХ рж╣рзЛржЗрж╕ ЁЯШнЁЯШнЁЯШн ржЖрж▓рзНрж▓рж╛рж╣ рждрзБржорж┐ ржорж╛ржирзБрж╖ ржХрзЗ рж╣рзЗржжрж╛рзЯрзЗржд ржжрж┐ржУ,Fraud
ржЧрждржХрж╛рж▓ ржПржЗ ржПржХржЗ ржХржерж╛ржЧрзБрж▓рзЛ ржмрж▓рзЗ ржЖржорж╛рж░ ржХрж╛ржЫ ржерзЗржХрзЗ 10900 ржЯрж╛ржХрж╛ рж╣рж╛рждрж┐ржпрж╝рзЗ ржирж┐ржпрж╝рзЗржЫрзЗ,Partial Fraud
ржЖржорж╛рж░ржУ ржПржХ ржирж╛ржорзНржмрж╛рж░рзЗ ржнрзБрж▓рзЗ 8020 ржЯрж╛ржХрж╛ ржЪрж▓рзЗ ржЧрзЗржЫрзЗ ржПржЦржи ржлрзЛржи ржжрж┐рж▓рзЗ ржлрзЛржи ржмржирзНржз ржХрж░рзЗ рж░рж╛ржЦрзЗ ред,Partial Fraud
ржЖржорж╛рж░ рж╕рж╛ржерзЗ ржЖржЬ ржкрзНрж░рждрж╛рж░ржгрж╛ рж╣рзЯрзЗ ржЖржорж╛рж░ рззрзкрзжрзмрзл ржЯрж╛ржХрж╛ ржорзЗрж░рзЗ ржжрзЗржЫрзЗ,Fraud
"ржЧржд рзл ржорж╛рж░рзНржЪ рж░рж╛рждрзЗ рж╕рзЗржЗржо ржХрзЛрж╢рж▓ ржХрж╛ржЯрж┐рзЯрзЗ ржЖржорж╛рж░ ржХрж╛ржЬ ржерзЗржХрзЗ рзн,рзжрзжрзж ржЯрж╛ржХрж╛ рж╣рж╛рждрж┐рзЯрзЗ ржирзЗрзЯ",Fraud
ржПржЗ рж░ржХржо ржШржЯржирж╛ ржЖржорж╛рж░ рж╕рж╛ржерзЗ ржХрж░ржЫрзЗ ржУржжрзЗрж░ ржврзБржХрзЗ ржкржбрж╝ржЫрж┐ ржЖржорж╛рж░ ржкрзНрж░рж╛ржпрж╝ рж╕рж╛ржбрж╝рзЗ рждрж┐ржи рж╣рж╛ржЬрж╛рж░ ржЯрж╛ржХрж╛ ржЖрждрзНржорж╕рж╛рзО ржХрж░рзЗ ржирж┐ржпрж╝рзЗржЫрзЗ,Fraud
ржЖржорж╛рж░ ржЫрзЛржЯ ржмрзЛржирзЗрж░ ржмрж┐ржХрж╛рж╢ ржерзЗржХрзЗ ржарж┐ржХ ржПржЗ ржнрж╛ржмрзЗ 2000 рж╣рж╛ржЬрж╛рж░ ржЯрж╛ржХрж╛ ржирж┐рзЯрзЗ ржЧрзЗржЫрзЗред,Fraud
ржнрж╛ржЗ ржЖржорж╛рж░ ржЧржд ржмржЫрж░ рззрзнрзорзжрзж ржЯрж╛ржХрж╛ ржирж┐рзЯрзЗржЫрзЗ рж╣рзНржпрж╛ржХрж╛рж░рж░рж╛,Fraud
"ржЖржорж╛ржХрзЗ ржкрзНрж░рждрж┐ ржорж╛рж╕рзЗ рзз-рзи ржЯрж╛ ржлрзЛржи ржХрж░рзЗ ржмрж┐ржХрж╛рж╢ ржЪрзЛрж░ рж░рж╛, ржХрждрзЛ ржЯрж╛ржХрж╛ рж▓рзЗржиржжрзЗржи ржХрж░рж▓рж╛ржо рж╕рзЗржЗ рж╣рж┐рж╕рж╛ржм ржУ рж╕ржарж┐ржХ ржнрж╛ржмрзЗржЗ ржмрж▓рждрзЗ ржкрж╛рж░рзЗ, ржХрж┐ржирзНрждрзБ ржпржЦржи ржкрж┐ржи ржирж╛ржорзНржмрж╛рж░ ржЯрж┐ ржЬрж╛ржирждрзЗ ржмрзНржпрж░рзНрже рж╣рзЯ рждржЦржи ржЕржирзЗржХ ржХрж┐ржЫрзБржЗ ржмрж▓рзЗ, ржПржоржиржХрж┐ ржЖржорж╛рж░ ржПржХрж╛ржЙржирзНржЯ ржерзЗржХрзЗ ржпрзЗржнрж╛ржмрзЗржЗ рж╣рзЛржХ ржЯрж╛ржХрж╛ ржирж┐ржмрзЗржЗ, ржПржЧрзБрж▓рзЛ ржмрж▓рзЗржУ рж╣рзБржоржХрж┐ ржжрзЗрзЯ ред  ржПржжрзЗрж░ рж╣рж╛ржд ржерзЗржХрзЗ рж╕рж╛ржзрж╛рж░ржг ржорж╛ржирзБрж╖ рж░рзЗрж╣рж╛ржЗ ржкрж╛ржмрзЗ ржХржмрзЗ ?",Partial Fraud
ржПрж░ рж╕рж╛ржерзЗ ржмрж┐ржХрж╛рж╢ ржХрж░рзНрждрзГржкржХрзНрж╖ ржЬржбрж╝рж┐ржд ржЖржЫрзЗ ржЖржорж╛рж░ ржУ ржЧрзЗрж▓рзЛ ржПржХржорж╛рж╕ ржЖржЧрзЗ рззрзжрзжрзкрзи ржЯрж╛ржХрж╛ ржирж┐ржпрж╝рзЗ ржЧрзЗржЫрзЗ,Partial Fraud
рж░ржоржЬрж╛ржи ржорж╛рж╕рзЗ 4000 ржЯрж╛ржХрж╛ ржирж┐ржпрж╝рзЗржЫрзЗ ржмрж┐ржХрж╛рж╢ ржПрж╕ржПржоржПрж╕ ржжрж┐ржпрж╝рзЗ ржЬрж╛ржирж╛ржмрзЗ ржжрзБржжрж┐ржи ржкрж░ ржкрж╛ржмрзЗ ржХрж┐ржирж╛ ржПржЗ рж╣ржЪрзНржЫрзЗ рждрж╛ржжрзЗрж░ ржХржерж╛,Partial Fraud
"ржарж┐ржХ ржПржЗ ржнрж╛ржмрзЗ ржЖржорж╛рж░ рзк,рзирзпрзп ржЯрж╛ржХрж╛ ржирж┐ржЫрзЗ  ржХрзЛржирзЛ ржнрж╛ржмрзЗ ржмрзБржЭрждрзЗ ржкрж╛рж░рж┐ржирж╛ржЗ",Fraud
ржЖржорж╛ржХрзЗ ржХрж▓ ржжрж┐ржЫрж┐рж▓....ржорж╣рж╛ржЦрж╛рж▓рж┐ ржерзЗржХрзЗ рж░рж╛ржд рзирзк ржЬрж╛ржирзБрзЯрж╛рж░рж┐ рззрзж:рзлрзй ржЯрж╛рзЯ.... ржХрж┐ржирзНрждрзБ ржЖржорж┐ ржХрзЛржирзЛ рждржерзНржп ржжрзЗржЗ ржирж╛ржЗред,Partial Fraud
"рзиржжрж┐ржи ржЖржЧрзЗ ржЖржорж╛рж░ ржЖржкрзБрж░ рззрзжрж╣рж╛ржЬрж╛рж░ рзлрзжрзж, рззрзк ржЯрж╛ржХрж╛ рж╣рзНржпрж╛ржЧ рж╣рзЯрзЗ ржЧрзЗржЫрзЗ",Fraud
ржЖржорж╛рж░ ржХрж╛ржЫ ржерзЗржХрзЗ рзз рж▓рж╛ржЦ рзй рж╣рж╛ржЬрж╛рж░ ржЯрж╛ржХрж╛ ржирж┐рзЯрзЗржЫрзЗ рж╣рзНржпрж╛ржХ ржХрж░рзЗред,Fraud
ржЧржд 5 ржжрж┐ржи ржкрзВрж░рзНржмрзЗ ржЖржорж╛рж░ ржирж┐ржпрж╝рзЗржЫрзЗ 37 рж╣рж╛ржЬрж╛рж░ рж╕рж╛рждрж╢ржд ржЯрж╛ржХрж╛ ржПржЗ ржЯрж╛ржХрж╛ ржирж┐рждрзЗ ржЖржорж╛рж░ ржкрж┐ржи ржирж╛ржорзНржмрж╛рж░ ржмрж╛ ржУ ржЯрж┐ржнрж┐ рж▓рж╛ржЧрзЗржирж┐ рж╢рзБржзрзБржорж╛рждрзНрж░ ржлрзЛржирзЗ ржХржерж╛ ржмрж▓рзЗржЫрзЗ рждржмрзЗ ржЖржорж╛ржХрзЗ рждрж╛рж░рж╛ ржпрзЗ ржкрзНрж░рж╢рзНржиржЧрзБрж▓рзЛ ржХрж░рзЗржЫрж┐рж▓ рждрж╛рждрзЗ ржирж┐ржГрж╕ржирзНржжрзЗрж╣рзЗ ржмрж▓рждрзЗ ржкрж╛рж░рж┐ ржмрж┐ржХрж╛рж╢рзЗрж░ ржЙржЪрзНржЪржкржжрж╕рзНрже ржХрж░рзНржоржХрж░рзНрждрж╛ рж╕рж╛ржерзЗ ржЬржбрж╝рж┐ржд,Partial Fraud
"ржЖржорж╛рж░ ржХрж╛рж▓ ржПржХрж╛ржЙржирзНржЯ рж╣рзНржпрж╛ржХ рж╣рзЯрзЗ ржЧрзЗржЫрзЗ, рж╕рзЗржо ржмрж┐ржХрж╛рж╢ ржЕржлрж┐рж╕ ржерзЗржХрзЗ ржХрж▓ ржЖрж╕рзЗ,рзирзй рж╣рж╛ржЬрж╛рж░ рззрзн ржЯрж╛ржХрж╛ ржирж┐рзЯрзЗ ржЧрзЗржЫрзЗ,ржЖржорж┐ ржПржЦржи ржХрж┐ ржХрж░ржмрзЛ,рж╕рзЗржЗ ржирж╛ржорзНржмрж╛рж░ ржХрж▓ ржпрж╛ржЗ ржирж╛,ржмржирзНржзрзБ ржнрзБрж▓ ржПржЗ рж╕ржм ржмрж▓рзЗ",Partial Fraud
ржХрж╛рж▓ржХрзЗ ржЖржорж╛рж░ ржорж╛рзЯрзЗрж░ ржорзЛржмрж╛ржЗрж▓ ржерзЗржХрзЗ рззрзл рж╣рж╛ржЬрж╛рж░ ржЯрж╛ржХрж╛ ржирж┐рзЯрзЗ ржЧрзЗржЪрзЗ ржмрж┐ржХрж╛рж╢ рж╣рзЗржХрж╛рж░ рж░рж╛,Fraud
ржЖржорж╛рж░ рзирзмрзирзпрзж ржирж┐рзЯрзЗ ржЧрзЗржЫрзЗ ржкрзНрж░рждрж╛рж░ржХ рзирзо/рззрзи/рзирзз рждрж╛рж░рж┐ржЦ рж╕ржХрж╛рж▓ рззрзж ржЯрж╛ рж╕ржоржпрж╝,Fraud
рзй ржжрж┐ржи ржЖржЧрзЗ ржПржЗ рж╣рзЗржХрж╛рж░рж░рж╛ ржЖржорж╛рж░ ржмрж┐ржХрж╛рж╢ ржерзЗржХрзЗ рззрзирзжрзжрзж ржЯрж╛ржХрж╛ ржирж┐рзЯрзЗ ржЧрзЗржЫрзЗред ржпрзЗржЗ number ржерзЗржХрзЗ ржмрж┐ржХрж╛рж╢рзЗрж░ ржорзНржпрж╛ржирзЗржЬрж╛рж░ рж╣рзЯрзЗ рж╣рзЗржХрж╛рж░ ржлрзЛржи ржжрж┐рзЯрзЗржЫрзЗ рж╕рзЗржЗ ржирж╛ржорзНржмрж╛рж░ ржП call ржжрж┐рж▓рзЗ ржлрзЛржи ржзрж░рзЗ ржХрж┐ржирзНрждрзБ ржХржерж╛ ржмрж▓рзЗржирж╛ред рж╕рзЗржЗ ржирж╛ржорзНржмрж╛рж░ ржП рж╣рзЗржХрж╛рж░ ржПрж░ ржЗржорзБ id ржУ ржЫржмрж┐ ржЖржЫрзЗред ржПржЦржи ржХрж┐ржнрж╛ржмрзЗ ржЯрж╛ржХрж╛ ржЯрж╛ ржЙржарж╛ржирзЛ ржпрж╛рзЯ ржХрзЗржЙ ржЬрж╛ржирзЗржи?,Partial Fraud
ржЖржорж╛рж░ ржмржирзНржзрзБ ржПрж░ ржерзЗржЗржХрж╛ рзлрзлрзжрзжржЯрж╛ржХрж╛ ржирж┐рзЯрж╛ ржЧрзЗржЫрзЗ,Fraud
ржЖржорж┐ ржПржХржЬржи ржкрзНрж░ржмрж╛рж╕рзА ржнрж╛ржЗржпрж╝рзЗрж░рж╛ ржЖржорж╛рж░ ржХрж╛ржЫ ржерзЗржХрзЗржУ 30000 ржЯрж╛ржХрж╛ ржирж┐ржпрж╝рзЗ ржЧрзЗржЫрзЗ,Fraud
"ржЧрждржХрж╛рж▓ ржЖржорж╛ржХрзЗ ржХрж▓ ржжрж┐рзЯрзЗ ржмрж▓рзЗ ржЖржкржирж╛ржХрзЗ рж╕рж░ржХрж╛рж░ ржерзЗржХрзЗ рзирзлрзжрзж ржЯрж╛ржХрж╛ ржжрж┐ржмрзЗ ржХрж░рзБржирж╛рж░ рж╕рзЗржмрж╛ ржжрзЗржУрзЯрж╛рж░ ржЬржирзНржп ржПржХржЯрж╛ ржкрж┐ржи ржХрзЛржб ржкрж╛ржарж╛ржирзЛ рж╣ржмрзЗ ржкрж┐ржи ржХрзЛржб ржЯрж╛ ржжрзЗржЦрзЗ ржмрж▓рж▓рзЗ ржкрж╛ржмрзЗржи рзирзлрзжрзж ржЯрж╛ржХрж╛, ржкрж┐ржи ржХрзЛржб ржмрж▓рждрзЗ рж╣ржмрзЗ",Fraud
ржЖржорж╛рж░ ржХрж╛ржЫрзЗ ржерзЗржХрзЗ ржЧржд рзи ржжрж┐ржи ржЖржЧрзЗ рзйрзз рж╣рж╛ржЬрж╛рж░ ржЯрж╛ржХрж╛ ржПрж░ рж╕ржмржЗ ржЫрж┐рж▓ рж╣рзНржпрж╛ржХрж┐ржВ,Fraud
ржнрж╛ржЗ ржПржХ ржорзЗрзЯрзЗ ржЖржорж╛рж░ рзйрзжрзмрзж ржЯрж╛ржХрж╛ ржорзЗрж░рзЗ ржЦрж╛ржЗржЫрзЗ ржХрж╛ржЬ ржжрзЗрзЯрж╛рж░ ржХржерж╛ ржмрж▓рзЗ ржмрж▓ржЫрж┐рж▓рзЛ рж░рзЛржЬ рзлрзйрзж ржЗржиржХрж╛ржо ржХрж░рждрзЗ ржкрж╛рж░ржмрзЛ ржПржЗ ржмрж▓рзЗ ржЗржиржнрзЗрж╕рзНржЯ ржХрж░рждрзЗ ржмрж▓ржЫрзЗ рзйрзжрзмрзж ржЯрж╛ржХрж╛ ржжрзЗрзЯрж╛рж░ ржкрж░ ржмрзНрж▓ржХ ржХрж░рзЗ ржжрж┐ржЫрзЗ ржУржирж╛рж░ ржЖржЗржбрж┐ ржХрж╛ржбрзЗрж░ ржкрж┐ржХ ржжрж┐ржЫрзЗ ржЖржорж╛ржХрзЗ ржПржЦржи ржЖржорж╛рж░ ржХрж┐ ржХрж░ржирзАрзЯ?,Partial Fraud
ржЖржорж╛рж░ ржЖржорзНржорзБрж░ ржорж╛ржорж╛рж░ ржЗржорзБ ржерзЗржХрзЗ ржорзЗрж╕рзЗржЬ ржУ ржХрж▓ ржжрж┐рзЯрзЗ ржЖржорзНржорзБржХрзЗ ржмрж▓ржЫрзЗ рззрзи рж╣рж╛ржЬрж╛рж░ ржЯрж╛ржХрж╛ ржкрж╛ржЯрж╛рждрзЗ ржЙржирж╛рж░ ржкрж╛рж░рзНрж╕рзЗржирж╛рж▓ ржирж╛ржорзНржмрж╛рж░рзЗ ржЖржорзНржорзБ рждрж╛ржХрзЗ ржкрж╛ржЯрж╛рзЯ ржПржЦржи ржУржЗ ржорж╛ржорж╛ ржмрж▓рждрзЗржЫрзЗ ржПржЯрж╛ ржЙржирж┐  ржЗржорзБ рж╣рзНржпрж╛ржХ рж╣рзЯрзЗржЫрзЗ,Fraud
ржЖржорж╛рж░ ржПрж░ржХржо ржПржХржЗ ржШржЯржирж╛ ржШржЯрзЗред ржЖржорж┐ ржПржХ рж╕ржВржЦрзНржпрж╛ ржнрзБрж▓ ржХрж░рзЗ рзлрзжрзжрзж ржЯрж╛ржХрж╛ ржкрж╛ржарж╛ржЗред ржкрж░рзЗ ржУржЗ ржирж╛ржорзНржмрж╛рж░рзЗ ржХрж▓ ржХрж░рж▓рзЗ ржмржирзНржз ржкрж╛ржЗред ржкрж░рзЗ ржмрж┐ржХрж╛рж╢рзЗрж░ рж▓рж╛ржЗржн ржЪрзЗржЯрзЗ ржХржерж╛ ржмрж▓рж┐ ржПржмржВ рзлржорж┐ржирж┐ржЯ ржкрж░рзЗржЗ ржлрзЗрж░ржд ржкрж╛ржЗред,Partial Fraud
ржЖржорж╛ржХрзЗ рж▓ржЯрж╛рж░рж┐рж░ ржХржерж╛ ржмрж▓рзЗ рзлрзжрзжрзж ржЯрж╛ржХрж╛ ржирж┐рзЯрж╛ ржЧрзЗржЫрзЗ,Fraud
ржЖржорж╛ржХрзЗржУ ржХрж▓ ржжрж┐ржЫрж┐рж▓рзЛ ржмрж▓рзЗ ржпрзЗ ржЧржнрж░рзНржорзЗржирзНржЯ рж╕ржм ржмрж┐ржХрж╛рж╢ ржЗржЙрж╕рж╛рж░ржХрзЗ,Partial Fraud
"ржЖржорж╛рж░ ржХрж╛рж▓ржХрзЗ рзйрзжрзжрзж рж╣рж╛ржЬрж╛рж░ ржЯрж╛ржХрж╛ ржирж┐рзЯрж╛ ржирж┐ржЫрзЗ, ржмрзБржЭрждрзЗ ржкрж╛рж░рж┐ржирж┐, ржпржЦржи ржмрзБржЭрждрзЗ ржкрж╛рж░рж▓рж╛ржо ржХрж┐ржЫрзБ ржХрж░рж╛рж░ ржЫрж┐рж▓ ржирж╛ рждржЦржи,ржЖржорж╛рж░ ржЦрзБржм ржЦрж╛рж░рж╛ржк рж▓рж╛ржЧрждрзЗржЫрзЗ",Partial Fraud
ржнрж╛ржЗ ржЖржорж╛рж░ ржиржЧржж ржПржХрж╛ржЙржирзНржЯрзЗ ржерзЗржХрзЗ ржЧрждржХрж╛рж▓ рззрзорзйрзмрзж ржЯрж╛ржХрж╛ ржирж┐рзЯрж╛ ржЧрзЗржЫрзЗ,Fraud
ржнрж╛ржЗрзЯрж╛ ржЖржорж╛рж░ ржерзЗржХрзЗ ржХрж╛рж▓ржХрзЗ ржкрждрж╛рж░ржирж╛ ржХрж░рзЗ рзлрзжрзжрзж ржЯрж╛ржХрж╛ ржирж┐рзЯрзЗ ржЧрзЗржЫрзЗ ржПржЦржи ржХрж┐ ржХрж░рзЗ ржЖржиржмрзЛ,Fraud
ржнрж╛ржЗ ржЖржорж╛рж░ ржлрзЛржи ржерзЗржХрзЗ рзйрзжрзжрзж ржЯрж╛ржХрж╛ ржирж┐ржпрж╝рзЗ ржЧрзЗржЫрзЗ ржПржХржЯрж╛ ржлрзЛржи ржирж╛ржорзНржмрж╛рж░ ржжрж┐ржпрж╝рзЗ ржПрж╕ ржПржо ржПрж╕ ржХрж░рзЗ ржирж┐ржпрж╝рзЗ ржЧрзЗржЫрзЗ ржПржЦржи ржХрж┐ ржЙржкрж╛ржпрж╝ ржЖржЫрзЗ ржнрж╛ржЗ,Partial Fraud
ржЖржорж┐ ржПржХржЬржи рж╕рзНржЯрзБржбрзЗржирзНржб....ржПржХржЯрзБ ржЖржЧрзЗ ржЖржорж╛рж░ рзйрзжрзжрзж ржирж┐рзЯрзЗ ржЧрзЗржЫрзЗ....ржЖржорж╛рж░ ржХрж░ржгрзАрзЯ ржХрж┐....???ржЖржорж╛рж░ ржкрж┐ржи ржмрж╛ ржХрзЛржи ржУржЯрж┐ржкрж┐ ржХрзЗржЙ ржирзЗрзЯ ржирж┐....рждрж╣рж▓рзЗ ржХрзЗржоржирзЗ ржХрж┐....ржЖржорж┐ ржХрж┐ржЫрзБржЗ ржмрзБржЭрждрзЗ ржкрж╛рзЬржЫрж┐ ржирж╛......ржХрж┐ ржХрж░ржмрзЛ,Partial Fraud
ржЖржорж╛рж░ рзирзжрзкрзжрзлрзжрж╣рзЗржХ ржХрж░рзЗ ржирж┐рзЯрзЗржЫрзЗ ржПржЦржи ржЖржорж┐ ржХрж┐ржмрж╛ржмрзЗ ржЯрж╛ржХрж╛ржЯрж╛ ржкрж╛ржм ржмрж▓рждрзЗ ржкрж╛рж░ржмрзЗ,Fraud
ржЖржорж╛рж░ ржмрж┐ржХрж╛рж╢ ржерзЗржХрзЗ рждрж┐ржи рж╣рж╛ржЬрж╛рж░ ржЯрж╛ржХрж╛ ржирж┐рзЯрзЗ ржпрж╛рзЯ,Fraud
ржЖржорж╛рж░ ржХрж╛ржЫ ржерзЗржХрзЗ 15 рж╣рж╛ржЬрж╛рж░ ржЯрж╛ржХрж╛ ржирж┐ржЫрзЗ,Fraud
ржЖржорж╛рж░ ржХрж╛ржЫ ржерзЗржХрзЗ рзкрзкрзжрзжрзж ржЯрж╛ржХрж╛ ржирж┐рзЯрзЗ ржЧрзЗржЫрзЗред ржХрзЗржЙ ржХрзЛржи рж╣рзЗрж▓рзНржк ржХрж░рждрзЗ ржкрж╛рж░ржмрзЗржи!!!,Partial Fraud
ржнрж╛ржЗ ржЧрждржХрж╛рж▓ ржЖржорж╛рж░ ржХрж╛ржЫ ржерзЗржХрзЗ рж╕рж░ржХрж╛рж░рж┐ ржЕржирзБржжрж╛ржи ржПрж░ ржХржерж╛ ржмрж▓рзЗ рззрзмрзнрзжрзж ржЯрж╛ржХрж╛ ржирж┐рзЯрзЗ ржЧрзЗржЫрзЗ ржЖржорж╛рж░ ржПржХрж╛ржЙржирзНржЯ рж╣рзНржпрж╛ржХ ржХрж░рзЗ ржЖржорж╛рж░ ржХрж╛ржЫрзЗ otp r pinржЪрж╛ржЗржЫрзЗ ржЖржорж┐ржУ ржмрж▓рзЗ ржжрж┐ржЫрж┐ржЖржорж╛рж░ ржмрзГрждрзНрждрж┐рж░ ржЯрж╛ржХрж╛ ржЧрзБрж▓рзЛржПржд ржжрж┐ржирзЗрж░ ржЬржорж╛ржирзЛ ржЯрж╛ржХрж╛ ржПржХрзНрж╖рзЗржПрзЗ ржЖржорж╛рж░ ржХрж░ржгрзАрзЯ ржХрж┐ ржмрж▓ржмрзЗржи ржжрзЯрж╛ ржХрж░рзЗржЖржорж┐ ржЖрж░ ржкрж╛рж░рждрж╛ржЫрж┐ ржирж╛ ржЖрж▓рзНрж▓рж╛рж░ ржУрзЯрж╛рж╕рзНрждрзЗ ржмрж▓ржмрзЗржи ржХрж░ржгрзАрзЯ... ржжрзЯрж╛ ржХрж░рзЗ,Fraud
ржнрж╛ржЗ ржЖржорж╛рж░ рззрзжрзжрзжрзжржЯрж╛ржХрж╛ ржирж┐рзЯрзЗржЫрзЗ ржХрж┐ ржХрж░ржмрзЛ,Partial Fraud
"ржнрж╛ржЗ ржкрзНрж▓рж┐ржЬ ржЖржорж╛ржХрзЗ ржПржХржЯрзБ рж╕рж╛рж╣рж╛ржпрзНржп ржХрж░рзЗржи,,,ржЖржорж┐ ржЖржорж╛рж░ ржмрж╛ржмрж╛рж░ ржирж╛ржорзНржмрж╛рж░рзЗ ржмрж┐ржХрж╛рж╢рзЗ рзмрзй рж╣рж╛ржЬрж╛рж░ ржЯрж╛ржХрж╛ ржкрж╛ржЗржЫрж┐ ржХрзЗ ржпрзЗржи рж╣рзНржпрж╛ржХ ржХрж░рзЗ рзлрзж рж╣рж╛ржЬрж╛рж░ ржЯрж╛ржХрж╛ рждрзБрж▓рзЗ ржирж┐ржЫрзЗ ржХрж┐ржнрж╛ржмрзЗ ржЖржорж┐рж┐ ржлрзЗрж░ржд ржкрж╛ржмрзЛ ржкрзНрж▓рж┐ржЬ ржЬрж╛ржирж╛ржмрзЗржи???",Partial Fraud
ржЖржорж╛рж░ ржХрж╛рж▓ рзирзжрзжрзжрзж ржЯрж╛ржХрж╛ ржирж┐рзЯрзЗ ржЧрзЗржЫрзЗ,Fraud
ржнрж╛ржЗ ржмрж┐ржХрж╛рж╢ ржПржЬрзЗржирзНржЯ рж╕рзЗржЬрзЗ ржкрзНрж░рждрж╛рж░ржХ ржЖржорж░ ржХрж╛ржЫ ржерзЗржХрзЗ 40000 ржЯрж╛ржХрж╛ ржирж┐ржпрж╝рзЗ ржЧрзЗржЫрзЗ ржПржЦржи ржХрж┐ ржХрж░ржмрзЛ?,Partial Fraud
ржнрж╛ржЗ ржЖржорж┐ ржХрж╛рж▓ рж░рж╛рждрзЗ рзирзйрзлрзжрзж ржкрждрж╛рж░ржХ рж╣рзЯржЪрж┐ ржПржЦржи ржЖржорж┐ ржХрж┐ ржХрж░ржмрзЛ ржмрж╛ ржЖржкржирж┐ ржПржХржЯрзБ рж╕рж╛рж╣рж╛ржпрзНржп ржХрж░рждрзЗ рждрж╛рж╣рж▓рзЗ ржЖржорж┐ ржЦрзБржм ржЙржкржХрж╛рж░ ржЖржЫрзЗ ржЖржорж┐ ржкрзНрж░ржмрж╛рж╕рзЗ ржЖржЫрж┐,Partial Fraud
ржЖржорж╛рж░ 4000ржЯрж╛ржХрж╛ ржирж┐рзЯрзЗ ржЧрзЗржЫрзЗ рж╢рзБржХрзНрж░ржмрж╛рж░,Fraud
ржЖржЬ ржЖржорж╛рж░ ржПржХрж╛ржЙржирзНржЯ ржмрзНрж▓ржХ рж╣рзЯрзЗ ржЧрзЗржЫрзЗред рждрж╛рж░ржкрж░ ржПржХржЯрж╛ ржиржорзНржмрж░ ржжрж┐ржЫрзЗ ржмрж▓ржЫрзЗ ржпрзЗ ржЖржкржирж╛рж░ ржкрж┐ржи ржЖрж░ ржУржЗ ржирж╛ржорзНржмрж░ ржпрзЛржЧ ржХрж░рзЗ ржпрж╛ рж╣ржмрзЗ ржЖржорж╛ржХрзЗ ржмрж▓рзЗржиред рждрж╛рж░ржкрж░ ржмрж▓ржЫрзЗред ржПржЬрзЗржирзНржЯ ржПрж░ ржШрж░ рззрзорзлрзжрзж ржЯрж╛ржХрж╛ ржЖржорж╛рж░ ржПржХрж╛ржЙржирзНржЯ ржП ржЖржирждрзЗредржПржЬрзЗржирзНржЯ ржкрж┐ржи ржжрж┐ржмрзЗ ржЯрж╛ржХрж╛ ржЖрж╕ржмрзЗ ржирж╛ ржПржХрж╛ржЙржирзНржЯ ржЯрж┐ржХ рж╣рзЯрзЗ ржпрж╛ржмрзЗредржУрж░ ржХржерж╛ ржоржд ржХрж╛ржЬ ржХрж░ржЫрж┐редрждрж╛рж░ржкрж░ ржУ ржЖржорж╛рж░ ржЯрж╛ржХрж╛ ржЯрж╛ ржирж┐рзЯрзЗ ржЧрзЗржЫрзЗред,Fraud
"ржнрж╛ржЗ ржЖржЬ ржЖржорж╛рж░ 30,000 ржЯрж╛ржХрж╛ ржирж┐рзЯрзЗ ржЧрзЗржЫрзЗ ржХрж┐ ржХрж░ржм ??",Partial Fraud
ржнрж╛ржЗ ржЖржорж╛рж░ ржмрзЛржирзЗрж░ ржЯрж╛ржХрж╛ ржирж┐рзЯрзЗ ржЧрзЗржЫрзЗ ржмрж┐ржХрж╛рж╢ рж╣рзНржпрж╛ржХрж╛рж░ рждрзЛ ржЖржорж┐ ржХрж┐ржнрж╛ржмрзЗ ржЖржиржмрзЛ,Partial Fraud
"ржнрж╛ржЗрзЯрж╛ ржЖржорж╛рж░ ржПржХрж╛ржЙржирзНржЯ ржерзЗржХрзЗ рзм,рззрзжрзж ржЯрж╛ржХрж╛ ржирж┐рзЯрзЗ ржирж┐рзЯрзЗржЫрзЗ ржкрзНрж░рждрж╛рж░ржХ,, ржПржЦржи ржЖржорж╛рж░ ржХрж┐ ржХрж░ржгрзАрзЯ?",Fraud
"ржнрж╛ржЗ ржЖржорж╛рж░ ржПржХржмржирзНржзрзБ ржЖржорж╛рж░ ржмрж┐ржХрж╛рж╢ ржжрж┐рзЯрзЗ ржПржХржЬржирзЗрж░ ржЯрж╛ржХрж╛ ржорзЗрж░рзЗ ржжрж┐рзЯрзЗржЫрзЗ,,,ржПржЦржи ржмрж┐ржХрж╛рж╢ рж╣рзЗрж▓рзНржк рж╕рж╛рж░рзНржнрж┐рж╕рзЗ ржЧрзЗрж▓рзЗ ржХрж┐ ржЖржорж╛рж░ ржХрзЛржирзЛ рж╕ржорж╕рзНржпрж╛ рж╣ржмрзЗ,, ржжрзЯрж╛ ржХрж░рзЗ ржЬрж╛ржирж╛ржи",Partial Fraud
"ржЖржорж╛рж░ рззрзл,рзжрзжрзж ржирж┐рзЯрзЗ ржЧрзЗрж▓ ржЖржЬржХрзЗ рж╕рзБржЗрж╕рж╛ржЗржб ржХрж░рж▓рзЗржУ ржЖржорж╛рж░ ржЬржирзНржп ржХржо рж╣ржмрзЗ",Fraud
ржмрж┐ржХрж╛рж╢рзЗрж░ рж▓рзЛржХ ржкрзНрж░рждрж╛рж░ржирж╛рж░ рж╕рж╛ржерзЗ ржЬржбрж╝рж┐ржд ржерж╛ржХрзЗ,Partial Fraud
ржнрж╛ржЗ рж░рж╛ржд рзп ржЯрж╛рж░ рж╕ржорзЯ ржмрж┐ржХрж╛рж╢ ржерзЗржХрзЗ ржЯрж╛ржХрж╛ ржЪрзБрж░рж┐ рж╣рзЯрзЗржЫрзЗ,Partial Fraud
ржЖржорж╛рж░ ржерзЗржХрзЗ 13 ржЖржЧрж╕рзНржЯ 10500 ржЯрж╛ржХрж╛ ржирж┐рзЯрзЗ ржЧрзЗржЫрзЗ ржЦрзБржм ржХрж╖рзНржЯ ржкрзЗрзЯрзЗржЫрж┐,Fraud
ржПрж░рж╛ рж╕ржарж┐ржХржнрж╛ржмрзЗ рж╕рж╛рж░рзНржнрж┐рж╕рж┐ржВ ржжрж┐рждрзЗ ржкрж╛рж░ржЫрзЗржи ржирж╛ ржЖржорж╛рж░ ржоржирзЗ рж╣ржЪрзНржЫрзЗ,Partial Fraud
"ржнрж╛ржЗрзЯрж╛ ржкрзНрж░рждрж╛рж░рж┐ржд рж╣ржЗржЫрзЗ,,ржЖржорж╛рж░ ржПржХржЯрж╛ ржнрж╛ржмрж┐рж░ ржлрзЛржи ржерзЗржХрзЗ",Partial Fraud
ржЖржорж╛рж░ ржиржЧржж ржПржХрж╛ржЙржирзНржЯ рж╣рзНржпрж╛ржХ ржХрж░рзЗ 29580ржЯрж╛ржХрж╛ ржирж┐ржпрж╝рзЗ ржЧрзЗржЫрзЗ,Fraud
ржЖржорж┐ ржПржХржЬржи ржХрзЗ ржЯрж╛ржХрж╛ ржкрж╛ржарж╛ржЗржЫрж┐ рж▓рзЗржиржжрзЗржирзЗ Time ржУ ржЖржЫрзЗ ржпрзЗ ржжрж┐ржЫрж┐ ржХрж┐ржирзНрждрзБ ржПржЦржи ржЯрж╛ржХрж╛ ржпрж╛рзЯ ржирж╛рзЯ,Partial Fraud
ржЖржорж╛рж░ ржнрж╛ржЗрзЯрж╛рж░ ржПржХрж╛ржЙржирзНржЯ ржерзЗржХрзЗ рзирзнрж╣рж╛ржЬрж╛рж░ ржЯрж╛ржХрж╛ ржирж┐рзЯрзЗ ржЧрзЗржЫрзЗред,Fraud
ржЖржорж╛рж░ 5000ржЯрж╛ржХрж╛ ржирж┐рзЯрзЗ ржЧрзЗржЫрзЗ,Fraud
ржкрзНрж░рждрж╛рж░ржирж╛рж░ рж╕рзНржмрзАржХрж╛рж░ рж╣рзЯрзЗржЫрж┐ 32000 ржЯрж╛ржХрж╛,Fraud
ржЖржорж╛рж░ ржмрж┐ржХрж╛рж╢ ржерзЗржХрзЗ ржЯрж╛ржХрж╛ рж╕рзЗржирзНржЯ ржорж╛ржирж┐ ржХрж░рзЗ ржирж┐рзЯрзЗ ржирж┐ржЫрзЗ,Partial Fraud
ржмрж╛ржЗ ржЖржорж╛рж░ ржХрж╛ржЫрзЗ ржЯрж╛ржХрж╛ ржирж┐рзЯрзЗ ржЧрзЗржЫрзЗ рззрзжрзжрзжрзж рж╣рж╛ржЬрж╛рж░ ржЯрж╛ржХрж╛,Fraud
"ржЖржорж╛рж░ ржорзЛржмрж╛ржЗрж▓рзЗ ржорзЗрж╕рзЗржЬ ржЖрж╕ржЫрзЗ рзпрзжржЯрж╛ржХрж╛ ржкрзЗрзЯрзЗржЫрзЗржи ржЪрзЗржХ ржХрж░рзЗржи, ржЖржорж┐ ржЪрзЗржХ ржХрж░рзЗржЫрж┐ ржПржЦржи ржХрж┐ рж╣рзЗржХ рж╣рзЯрзЗ ржпрж╛ржмрзЗред",Partial Fraud
ржмрж┐ржХрж╛рж╢рзЗрж░ ржПржоржи ржзрзЛржХрж╛ржпрж╝ ржкржбрж╝рзЗ ржЖржорж╛ржХрзЗржУ ржжрж┐рждрзЗ рж╣рж▓рзЛ рзпрзирзжрзж ржЯрж╛ржХрж╛ ,Fraud
ржЖржорж┐ рзм ржЯрж╛ ржХрзЛржб ржЖржЗржЫрзЗ ржЖржорж┐ рзкржЯрж╛ ржжрж┐ржЫрж┐ ржкрж░рзЗ ржХрзЛржирзЛ рж╕ржорж╕рзНржпрж╛ рж╣ржмрзЗ,Partial Fraud
ржнрж╛ржЗржпрж╝рж╛ ржЖржорж╛рж░ ржУ ржПржЗ ржЙржкржмрж┐рждрзНрждрж┐рж░ ржХржерж╛ ржмрж▓рзЗ ржУржЯрж┐ржкрж┐ ржХрзЛржб рж╕ржм ржжрж┐ржпрж╝рзЗ ржжрж┐ржЫрж┐ ржЖржмрж╛рж░ ржХрзЗрж▓ржХрзБрж▓рзЗржЯрж░ ржжрж┐ржпрж╝рзЗ рж╕ржм ржПржЗржнрж╛ржмрзЗ ржирж┐ржпрж╝рзЗ ржирж┐ржЫрзЗ ,Fraud
ржнрж╛ржЗрзЯрж╛ ржЖржорж╛рж░ рж╕рж┐ржо рж╣рж╛рж░рж┐рзЯрзЗ ржЧрзЗржЫрзЗ ржмрж┐ржХрж╛рж╢рзЗ ржЯрж╛ржХрж╛ ржЖржЫрзЗ,Partial Fraud
"ржарж┐ржХ ржЖржорж╛рж░ ржУ ржПржХрж░ржХржо рж╣ржЗржЪрзЗ,ржХрж┐ ржХрж░ржм,ржнрж╛ржмрждрзЗ ржкрж╛рж░ржЪрж┐ ржирж╛рж╣",Partial Fraud
ржЖржорж╛рж░ рзмрзйрзжрзж ржЯрж╛ржХрж╛ рж╣рзНржпрж╛ржХ рж╣рзЯрзЗ ржЧрзЗржЫрзЗ,Fraud
ржорж╛рж░ рж╕рж╛ржерзЗ  ржПрж░ржХржо рж╣ржпрж╝рзЗржЫрзЗ ржЖржорж╛рж░  22048 ржЯрж╛ржХрж╛ ржирж┐рзЯрзЗ ржирзЗржЫрзЗ  ржПржЦржи ржЖржорж╛рж░ ржмрж┐ржХрж╛рж╢рзЗ ржЖржорж┐ ржкрзНрж░ржмрзЗрж╢ ржХрж░рждрзЗ ржкрж╛рж░рж┐ржирж╛,Fraud
ржнрж╛ржЗ ржЖржорж╛рж░ ржХрж╛ржЫ ржерзЗржХрзЗ 500ржЯрж╛ржХрж╛ ржирж┐рзЯрзЗ ржЧрзЗржЫрзЗ,Fraud
ржнрж╛ржЗ ржЖржорж╛рж░ ржХрж╛ржЫ ржерзЗржХрзЗ 1300 ржЯрж╛ржХрж╛ ржирж┐рзЯрзЗ ржЧрзЗржЫрзЗ,Fraud
ржЖржорж╛рж░ рж╕рж╛рждрзЗ рж╣рзЯрзЗржЫрзЗ ржмрж╛ржЯ ржЯрж╛ржХрж╛ ржирж┐рждрзЗ ржкрж╛рж░рзЗ ржирж╛ржЗ,Partial Fraud
ржЖржорж╛рж░  ржХрж╛ржЫ ржерзЗржХрзЗ 6000  ржЯрж╛ржХрж╛ ржХрзЗржЯрзЗ ржирзЗржЫрзЗ,Fraud
ржнрж╛ржЗрзЯрж╛ ржЖржорж╛рж░ ржорзЛржмрж╛ржЗрж▓рзЗ ржУ ржЖрж╕ржЫрзЗ ржПржЯрж╛ ржЖрж░рзЗржХ ржХржерж╛ ржЖржорж╛рж░ ржорзЛржмрж╛ржЗрж▓ ржкрж┐ржи ржкрж░рж┐ржмрж░рзНрждржи ржУ рж╣ржЪрзНржЫрзЗ ржирж╛ ржХрж┐ ржХрж░рж╛ ржпрж╛рзЯ,Partial Fraud
ржнрж╛ржЗ ржЖржорж╛рж░ ржиржЧржжрзЗрж░ ржкрж┐ржи рж╣рзНржпрж╛ржХ ржХрж░ржЫрзЗ ржПржЗ ржнрж╛ржмрзЗ ржкрж░рзЗ ржЖржорж┐ ржкрж┐ржи ржЪрзЗржирзНржЬ ржХрж░ржЫрж┐,Partial Fraud
ржнрж╛ржЗржпрж╝рж╛ ржмрж┐ржХрж╛рж╢ ржкрзНрж░рждрж╛рж░ржХ ржЖржорж╛ржХрзЗржУ ржлрзЛржи ржжрж┐ржпрж╝рзЗржЫрж┐рж▓рзЛ ржХрж┐ржирзНрждрзБ ржЖржорж┐ ржнрзБрж▓ ржХрж░рзЗ рж╢рзБржзрзБ ржнрзЗрж░рж┐ржлрж┐ржХрзЗрж╢ржи ржХрзЛржб ржжрж┐ржпрж╝рзЗржЫрж┐ ржкрж░рзЗ ржмрзБржЭрждрзЗ ржкрзЗрж░рзЗржЫрж┐,Fraud
ржЖржорж┐ рждрзЛ рж╣рзНржпрж╛ржХрж╛рж░ржжрзЗрж░ ржкрж┐ржи ржирж╛ржоржмрж╛рж░ ржжрзЗржЗ ржирж┐ред рж╢рзБржзрзБ рзк ржбрж┐ржЬрж┐ржЯрзЗрж░ ржирж╛ржоржмрж╛рж░ ржмрж▓рзЗржЫрж┐,Partial Fraud
ржЖржорж┐ ржнрзЗрж░рж┐ржлрзЗржХрж╢ржи рзм рж╕ржВржЦрзНржпрж╛ ржХрзЛржб ржжрж┐ржЫрж┐ ржЖрж░ ржХрж┐ржЫрзБ  ржжрж┐ржЗ ржирж╛ржЗ,Fraud
ржЖржорж┐ рзо рж╣рж╛ржЬрж╛рж░ ржЯрж╛ржХрж╛ ржПржоржирзЗ рж╣рж╛рж░рж╛ржЗржЫрж┐,Fraud
ржкрзНрж░рждрж╛рж░ржХрзЗрж░ ржЦржкрзНржкрж░рзЗ ржкржбрж╝рзЗ ржЖржЬ ржЖржорж╛рж░ рззрзкрзлрзжрзж ржЯрж╛ржХрж╛ ржирж╛ржЗ,Fraud